{
    "All_Questions": [        
        {
            "Section Hierarchy": "Quick Guides>Using Smart Hub",
            "Link": "https://www.manualslib.com/manual/1368844/Samsung-Smart-Remote.html?page=08#manual",
            "Question": "Where to view the list of notifications and settings",
            "Answer": "Enjoy the multiple functions provided by Smart Hub simultaneously on a single screen. When you press the button on your remote control, you can use the following functions and features. You can view a list of notifications for all events that occur on your TV. A notification appears on the screen when it is time to broadcast a scheduled program or when an event occurs on a registered device. For more information, refer to 'Displaying the Home Screen.' When the focus is moved to the icon, a list of quick settings icons appears above the top of the menu. You can quickly set frequently used functions by clicking the icons."
        },
        {
            "Section Hierarchy": "Quick Guides>Using Smart Hub",
            "Link": "https://www.manualslib.com/manual/1368844/Samsung-Smart-Remote.html?page=09#manual",
            "Question": "What is source and how to serch data for channels?",
            "Answer": "You can select an external device connected to the TV. For more information, refer to 'Switching between external devices connected to the TV.' You can search data for channels, programs, movie titles, and apps from Smart Hub. To use this feature, the TV must be connected to the Internet."
        },
        {
            "Section Hierarchy": "Quick Guides>Using Smart Hub",
            "Link": "https://www.manualslib.com/manual/1368844/Samsung-Smart-Remote.html?page=09#manual",
            "Question": "How to install app and how to use universal guide?",
            "Answer": "You can enjoy a wide range of content including news, sports, weather, and games by installing the corresponding apps on your TV. To use this feature, the TV must be connected to the Internet. For more information, refer to 'Using the APPS Service.' Universal Guide is an app that allows you to search for and enjoy various content such as TV shows, dramas, movies, and music in one place. Universal Guide can recommend content tailored to your preferences and notify you of new drama series. For more information about the Universal Guide, refer to 'Using the Universal Guide App.' Images may look blurry depending on the service provider's circumstances. This function may not be supported depending on the model or geographical area."
        },
        {
            "Section Hierarchy": "Quick Guides>Using the Ambient Mode>Screen states related to Ambient Mode",
            "Link": "https://www.manualslib.com/manual/1368844/Samsung-Smart-Remote.html?page=11#manual",
            "Question": "Why my screen getting darker and also sometimes in state of black screen?",
            "Answer": "In Ambient Mode, the TV screen changes automatically according to the surroundings. When the surroundings get dark, the TV screen becomes darker. When the surroundings get bright before the TV screen turns completely black or when the remote control or the Bixby function is operated, the TV screen returns to the Ambient Mode. You can change the auto brightness setting for Ambient Mode. For more information, refer to 'Setting up the Ambient Mode details.' In this state, the TV can activate voice guides and process voice commands. In Ambient Mode, if the surroundings get to a specific level of darkness or there is no external operation, the TV turns soft-off. Then, when the surroundings get bright, the TV screen returns to the Ambient Mode. You can change the auto brightness setting for Ambient Mode. For more information, refer to 'Setting up the Ambient Mode details.' In this state, the TV cannot activate voice guides and process voice commands."
        },
        {
            "Section Hierarchy": "Quick Guides>Using the Ambient Mode>Changing the content and settings for Ambient Mode>Setting up the content for Ambient Mode",
            "Link": "https://www.manualslib.com/manual/1368844/Samsung-Smart-Remote.html?page=12#manual",
            "Question": "What is decor and how to set wallpaper of the Ambient Mode screen?",
            "Answer": "The Ambient Mode browser screen displays content at the top and categories at the bottom. Use the left or right directional buttons in the content list at the top to move the focus to content you want, and then press the Select button. The selected content is played in Ambient Mode. In the future, more content that you can set up in the Ambient Mode browser will be provided. You can select the following categories and content: Décor: Allows you to select beautiful screens. Photo: Allows you to set a picture stored in your mobile device as the wallpaper of the Ambient Mode screen. You can configure special layouts using your photos. To save photos from your mobile device to the TV and import them in Ambient Mode, use the SmartThings app on your mobile device."
        },
        {
            "Section Hierarchy": "Quick Guides>Using the Ambient Mode>Changing the content and settings for Ambient Mode>Setting up the Ambient Mode details",
            "Link": "https://www.manualslib.com/manual/1368844/Samsung-Smart-Remote.html?page=13#manual",
            "Question": "How to adjust the brightness and color of the screen?",
            "Answer": "In the Ambient Mode browser screen, move the focus to , and then press the Select button. You can change the following settings: Brightness: Adjusts the screen brightness for Ambient Mode. Color Tone: Adjusts the colors of the screen for Ambient Mode."
        },
        {
            "Section Hierarchy": "Quick Guides>Using the Ambient Mode>Changing the content and settings for Ambient Mode>Setting up the Ambient Mode details",
            "Link": "https://www.manualslib.com/manual/1368844/Samsung-Smart-Remote.html?page=13#manual",
            "Question": "What are the features of auto brightness and ambient off timer?",
            "Answer": "In the Ambient Mode browser screen, move the focus to , and then press the Select button. You can change the following settings: Auto Brightness: Changes the auto brightness setting for Ambient Mode. When this function is set to Off, the brightness level of the TV screen is not automatically adjusted according to the ambient light level. Ambient Off Timer: Sets the time that the Ambient Mode screen turns off automatically. If there is no remote control input for the set time, the TV switches to the black screen state."
        },
        {
            "Section Hierarchy": "Quick Guides>Using Bixby>Learning about My Bixby",
            "Link": "https://www.manualslib.com/manual/1368844/Samsung-Smart-Remote.html?page=15#manual",
            "Question": "How to sign in to samsung account and what is bixby guide?",
            "Answer": "Go to the Samsung Account screen to create a new account or sign out of your account. If you are signed out of your Samsung account, select Sign In or to log in. You can learn the voice commands that let you use Bixby in various situations. Use the directional buttons to move to the desired command, and then press the Select button. You can operate the TV with various voice commands. To view a tutorial on Bixby, use the directional buttons to move to the bottom, and then select the View Tutorial item."
        },
        {
            "Section Hierarchy": "Quick Guides>Using Bixby>Learning about My Bixby",
            "Link": "https://www.manualslib.com/manual/1368844/Samsung-Smart-Remote.html?page=15#manual",
            "Question": "How to change the voice style of Bixby and what is the use of user information?",
            "Answer": "You can change the voice responses and the voice style of Bixby. You can also select a music service provider in the Default music service provider tab. The Default music service provider tab may not be supported depending on the model or geographical area. You can see user information and the experience points (XP) that you can get from using Bixby. You must be signed in to your Samsung account to view the user information and the experience points (XP). This function may not be supported depending on the model or geographical area."
        },
        {
            "Section Hierarchy": "Quick Guides>Updating the TV’s Software>Updating the TV’s software to the latest version",
            "Link": "https://www.manualslib.com/manual/1368844/Samsung-Smart-Remote.html?page=17#manual",
            "Question": "Can I update software through internet and through USB device?",
            "Answer": "Settings >Support> Software Update >Update Now. Updating from the Internet requires an active Internet connection. Settings >Support >Software Update >Update Now. After downloading the update file from the Samsung website and storing it on a USB device, connect the USB device to the TV to update. To update using a USB flash drive, download the update package from Samsung.com to your computer. Then, save the update package in the USB device's top-level folder. Otherwise, the TV will not be able to locate the update package."
        },
        {
            "Section Hierarchy": "Quick Guides>Getting Support>Getting support through Remote Management",
            "Link": "https://www.manualslib.com/manual/1368844/Samsung-Smart-Remote.html?page=18#manual",
            "Question": "What is remote support and how it works?",
            "Answer": "Samsung Remote Support service offers you one-on-one support with a Samsung Technician who can remotely: Diagnose your TV. Adjust the TV settings for you. Perform a factory reset on your TV. Install recommended firmware updates. You can easily get Samsung Remote Support service for your TV: Call the Samsung Contact Center and ask for remote support. Open the menu on your TV and go to the Support section. ( Settings >Support). Select Remote Management, then read and agree to the service agreements. When the PIN screen appears, provide the PIN number to the agent. The agent will then access your TV."
        },
        {
            "Section Hierarchy": "Connections>Connecting to the Internet>Connecting to your Internet network",
            "Link": "https://www.manualslib.com/manual/1368844/Samsung-Smart-Remote.html?page=22#manual",
            "Question": "How to establish wireless internet connection and how to check the internet connection?",
            "Answer": "Settings >General> Network >Open Network Settings> Wireless. Make sure that you have the wireless router's SSID (name) and password settings before attempting to connect, and then follow the directions on the screen. The image on your TV may differ from the image above depending on the model and geographical area. If no wireless router is found, select Add Network at the bottom of the list and enter the network name (SSID). If your wireless router has a WPS or PBC button, select Use WPS at the bottom of the list, and then push the WPS or PBC button on your router within 2 minutes. The TV will connect automatically. Settings> General> Network >Network Status. View the current network and Internet status."
        },
        {
            "Section Hierarchy": "Connections>Troubleshooting Internet connectivity issues",
            "Link": "https://www.manualslib.com/manual/1368844/Samsung-Smart-Remote.html?page=25#manual",
            "Question": "How to configure failed IP auto setting and I am unable to connect to the network, how to fix this?",
            "Answer": "Configure the settings in IP Settings. Settings >General >Network >Network Status >IP Settings. Make sure that the DHCP server is enabled on the router, and then unplug the router and plug it back in. Reset the router if required. ––For wireless connection, enter the correct password if required. Check all IP Settings. Settings >General >Network >Network Status >IP Settings. After checking the DHCP server status (must be active) on the router, remove the LAN cable, and then connect it again. For wireless connection, enter the correct password if required."
        },
        {
            "Section Hierarchy": "Picture and Sound>Adjusting the Picture Quality>Choosing a picture mode",
            "Link": "https://www.manualslib.com/manual/1368844/Samsung-Smart-Remote.html?page=88#manual",
            "Question": "What are dynamic and standard mode?",
            "Answer": "Settings> Picture> Picture Mode.You can select the Picture Mode that provides the best viewing experience. Dynamic Makes the picture brighter and clearer in bright viewing environments. Standard Is the default mode suitable for general viewing environments."
        },
        {
            "Section Hierarchy": "Picture and Sound>Adjusting the Picture Quality>Choosing a picture mode",
            "Link": "https://www.manualslib.com/manual/1368844/Samsung-Smart-Remote.html?page=88#manual",
            "Question": "What are natural and movie mode?",
            "Answer": "Settings> Picture> Picture Mode. You can select the Picture Mode that provides the best viewing experience. Natural Reduces eye strain for a comfortable viewing experience. Movie Is suitable for watching TV or movies in a dark room."
        },
        {
            "Section Hierarchy": "Picture and Sound>Adjusting the Picture Quality>Configuring advanced picture settings",
            "Link": "https://www.manualslib.com/manual/1368844/Samsung-Smart-Remote.html?page=89#manual",
            "Question": "What are the features of Auto Motion Plus Settings and HDR+ Mode?",
            "Answer": "Settings >Picture >Expert >Settings. Auto Motion Plus Settings When LED Clear Motion is set to On, the screen appears darker than when it is Off. HDR+ Mode Automatically provide an optimal HDR effect based on the video source. The HDR (High Dynamic Range) technology implements video images that are very similar to the images seen through human eyes by finely adjusting the contrast of the source. This function may not be supported depending on the model or geographical area. "
        },
        {
            "Section Hierarchy": "Picture and Sound>Configuring a Sound Mode and Expert Settings>Configuring advanced sound settings",
            "Link": "https://www.manualslib.com/manual/1368844/Samsung-Smart-Remote.html?page=93#manual",
            "Question": "Where can I get Digital Output Audio Format and Sound Mirroring?",
            "Answer": "Settings >Sound >Expert Settings. You can personalize the sound quality by adjusting the following settings. When the Sound Mirroring function is set to On, you can share your mobile device's sound using your TV speakers. If you use a receiver that does not support Dolby Digital Plus, you will hear no sound if you select Dolby Digital+. The Dolby Digital+ option is only available via ARC(HDMI) for external devices that support the format."
        },
        {
            "Section Hierarchy": "Smart Features>Editing channels>Re-registering and deleting a channel Removing",
            "Link": "https://www.manualslib.com/manual/1368844/Samsung-Smart-Remote.html?page=84#manual",
            "Question": "Can I remove the registered channels and add back the removed channels?",
            "Answer": "To remove a channel, select it from the Edit Channels screen, and then select Delete. Removed channels do not appear in the Channel List. You can add back removed channels from the Edit Channels screen only. Removed channels are displayed in gray in the Edit Channels screen. To add back a removed channel, select it, and then select Restore."
        },
        {
            "Section Hierarchy": "Picture and Sound>Adjusting the Picture Quality>Configuring advanced picture settings",
            "Link": "https://www.manualslib.com/manual/1368844/Samsung-Smart-Remote.html?page=88#manual",
            "Question": "How to configure Backlight and Brightness?",
            "Answer": "You can change the settings for the picture and the sound according to your preference. Change the Picture Mode and adjust Expert Settings. Settings > Picture > Expert Settings. Configure the screen settings to your taste by using the following functions: Backlight. Brightness"
        },
        {
            "Section Hierarchy": "Picture and Sound>Adjusting the Picture Quality>Configuring advanced picture settings",
            "Link": "https://www.manualslib.com/manual/1368844/Samsung-Smart-Remote.html?page=88#manual",
            "Question": "How to configure Contrast and Sharpness?",
            "Answer": "You can change the settings for the picture and the sound according to your preference. Change the Picture Mode and adjust Expert Settings. Settings > Picture > Expert Settings. Configure the screen settings to your taste by using the following functions: Contrast. Sharpness"
        },
        {
            "Section Hierarchy": "Picture and Sound>Adjusting the Picture Quality>Configuring advanced picture settings",
            "Link": "https://www.manualslib.com/manual/1368844/Samsung-Smart-Remote.html?page=88#manual",
            "Question": "How do I configure Tint and Apply Picture Settings?",
            "Answer": "You can change the settings for the picture and the sound according to your preference. Change the Picture Mode and adjust Expert Settings. Settings > Picture > Expert Settings. Configure the screen settings to your taste by using the following functions: Tint. Apply Picture Settings"
        },
        {
            "Section Hierarchy": "Picture and Sound>Adjusting the Picture Quality>Configuring advanced picture settings",
            "Link": "https://www.manualslib.com/manual/1368844/Samsung-Smart-Remote.html?page=89#manual",
            "Question": "How do I configure White Balance and Gamma?",
            "Answer": "You can change the settings for the picture and the sound according to your preference. Change the Picture Mode and adjust Expert Settings. Settings > Picture > Expert Settings. Configure the screen settings to your taste by using the following functions: White Balance. Gamma"
        },
        {
            "Section Hierarchy": "Picture and Sound>Adjusting the Picture Quality>Configuring advanced picture settings",
            "Link": "https://www.manualslib.com/manual/1368844/Samsung-Smart-Remote.html?page=89#manual",
            "Question": "How do I configure RGB Only Mode and Color Space Settings?",
            "Answer": "You can change the settings for the picture and the sound according to your preference. Change the Picture Mode and adjust Expert Settings. Settings > Picture > Expert Settings. Configure the screen settings to your taste by using the following functions: RGB Only Mode. Color Space Settings"
        },
        {
            "Section Hierarchy": "System and Support>Setting the current time",
            "Link": "https://www.manualslib.com/manual/1368844/Samsung-Smart-Remote.html?page=96#manual",
            "Question": "Can I set the current time and set the clock automatically?",
            "Answer": "Settings >General >System Manager >Time. You can set the Clock manually or automatically. Once the Clock is set, you can view the current time on the TV anytime. You must reset the clock in the following cases: The power cable is disconnected and then connected. The Clock Mode is changed from Manual to Auto. The TV is not connected to the Internet. No broadcast signals are received. Settings >General> System Manager >Time >Clock >Clock Mode >Auto. This function works only when the TV is connected to the Internet or is receiving digital broadcasts through a connected antenna. The accuracy of the time information received may differ with the channel and signal. If you get your TV signal from a cable broadcast receiver/set-top box or a satellite receiver/satellite set-top box connected to an HDMI or Component port, you must set the current time manually."
        },
        {
            "Section Hierarchy": "System and Support>Using the Time Functions and the Timers>Setting the current time>Adjusting the clock for DST and time zone",
            "Link": "https://www.manualslib.com/manual/1368844/Samsung-Smart-Remote.html?page=97#manual",
            "Question": "Where to select time zone and how to adjusts for Daylight Saving Time?",
            "Answer": "Settings >General >System Manager >Time >Clock. Sets the right time by setting Daylight Savings Time (DST) and your local time zone. Time Zone Selects your time zone. This function is only available when the Clock Mode is set to Auto. DST Automatically adjusts for Daylight Saving Time (DST). This function is only available when the Clock Mode is set to Auto."
        },
        {
            "Section Hierarchy": "System and Support>Using the Time Functions and the Timers>Setting the current time>Adjusting the clock for DST and time zone",
            "Link": "https://www.manualslib.com/manual/1368844/Samsung-Smart-Remote.html?page=97#manual",
            "Question": "How to change the current time and set the clock manually?",
            "Answer": "Settings >General >System Manager >Time >Clock >Time Offset. Time Offset adjusts the time through a network connection. This function is only available if Clock Mode is set to Auto and the TV is connected to the Internet though a local area network. Time Offset adjusts the time if the TV fails to receive time information through normal digital broadcast signals. Settings> General >System Manager> Time> Clock >Clock Mode> Manual. When Clock Mode is set to Manual, you can directly enter the current time. Select the Date and Time by using the directional buttons on the remote control."
        },
        {
            "Section Hierarchy": "System and Support>Using the Time Functions and the Timers>Using the timers",
            "Link": "https://www.manualslib.com/manual/1368844/Samsung-Smart-Remote.html?page=97#manual",
            "Question": "How to use the sleep timer and turn off the TV using the off timer?",
            "Answer": "Using the sleep timer. Settings >General >System Manager >Time >Sleep Timer. You can use this function to automatically shut off the TV after a pre-set period of time. You can set the sleep timer for up to 180 minutes after which it will turn off the TV. Turning off the TV using the off timer. Settings >General >System Manager >Time >Off Timer. You can set Off Timer to shut off the TV automatically at a specific time. Off Timer is only available if the Clock has been set."
        },
        {
            "Section Hierarchy": "System and Support>Using the Screen Burn Protection and Energy Saving Functions>Reducing the energy consumption of the TV",
            "Link": "https://www.manualslib.com/manual/1368844/Samsung-Smart-Remote.html?page=98#manual",
            "Question": "What is Ambient Light Detection and Minimum Backlight?",
            "Answer": "Settings> General >Eco Solution. You can adjust the brightness level of the TV, reduce overall power consumption, and prevent overheating. Ambient Light Detection Automatically adjusts the brightness level of the TV, according to the ambient light level, to reduce power consumption. If Ambient Light Detection has adjusted the screen brightness to a too bright or dark level, you can select Minimum Backlight to manually adjust the minimum screen brightness. Minimum Backlight When Ambient Light Detection is turned on, you can manually adjust the minimum brightness of the TV screen. This function acts only when the value is less than the setting in Settings >Picture> Expert Settings> Backlight."
        },
        {
            "Section Hierarchy": "System and Support>Using the Screen Burn Protection and Energy Saving Functions>Reducing the energy consumption of the TV",
            "Link": "https://www.manualslib.com/manual/1368844/Samsung-Smart-Remote.html?page=98#manual",
            "Question": "What is Power Saving Mode and Motion Lighting?",
            "Answer": "Settings> General >Eco Solution. You can adjust the brightness level of the TV, reduce overall power consumption, and prevent overheating. Allows you to select a brightness setting from the list to reduce the TV's power consumption. Adjusts the brightness in response to on-screen movements to reduce power consumption."
        },
        {
            "Section Hierarchy": "System and Support>Using Other Functions>Showing captions",
            "Link": "https://www.manualslib.com/manual/1368844/Samsung-Smart-Remote.html?page=103#manual",
            "Question": "What is Default / CC1 ~ CC4/ Text1 ~ Text4 and Default / Service1 ~ Service6 / CC1 ~ CC4 / Text1 ~ Text4?",
            "Answer": "Settings >General >Accessibility >Caption Settings >Caption Mode. Default / CC1 ~ CC4 / Text1 ~ Text4 (Analog channels only) Operates in either analog TV channel mode or when a signal is supplied from an external device to the TV. (Depending on the broadcast signal, the analog caption function may or may not work with digital channels.) Default / Service1 ~ Service6 / CC1 ~ CC4 / Text1 ~ Text4 (Digital channels only) Works with digital channels. Service1 – Service6 may not be available in digital caption mode depending on the broadcast."
        },
        {
            "Section Hierarchy": "Quick Guides>Connecting the Samsung Smart Remote to the TV",
            "Link": "https://www.manualslib.com/manual/1368844/Samsung-Smart-Remote.html?page=42#manual",
            "Question": "How can I connect my Samsung-Smart-Remote to TV automatically and if it is not connected, What will I do?",
            "Answer": "Connect the Samsung Smart Remote to your TV to operate the TV.When you turn on the TV for the first time, the Samsung Smart Remote pairs to the TV automatically.If the Samsung Smart Remote does not pair to the TV automatically, point it at the remote control sensor of the TV, and then press and hold the and buttons simultaneously for 3 seconds or more. The images, buttons, and functions of the Samsung Smart Remote may differ depending on the model. For more information about the Samsung Smart Remote that comes with the QLED TV, refer to About the Samsung Smart Remote (QLED TV)."" For more information about the Samsung Smart Remote that comes with the UHD TV, refer to About the Samsung Smart Remote (UHD TV)."" The Samsung Smart Remote may not be supported depending on the model or geographical area."
        },
        {
            "Section Hierarchy": "TV Viewing>Using the Channel List",
            "Link": "https://www.manualslib.com/manual/1368844/Samsung-Smart-Remote.html?page=83#manual",
            "Question": "How to select Air or Cable as the DTV mode and What is the use of TV PLUS?",
            "Answer": "Change the channel or check programs on other digital channels. Live TV>Channel List. Using the Channel List, you can change the channel or check programs on other digital channels while watching TV. If you press the right directional button when viewing the Channel List screen, you can use the following functions: Air or Cable. To allow you to select Air or Cable as the DTV mode, move the focus to Air or Cable, and then press the Select button. Air is suitable for homes equipped with separate, over-the-air antennas. Cable is suitable for homes that subscribe to a local cable-service. You do not need to use this function if your TV is connected to a cable box or satellite box. TV PLUS. While the TV is connected to the Internet, you can watch popular programs or highlights for each theme through a virtual channel at any time. As with regular channels, the TV provides the daily program schedules for TV PLUS. This function may not be supported depending on the model or geographical area."
        },
        {
            "Section Hierarchy": "TV Viewing>Using the Channel List",
            "Link": "https://www.manualslib.com/manual/1368844/Samsung-Smart-Remote.html?page=83#manual",
            "Question": "How can I view the channels that are serached by auto program function and How can I view first five favorite channel?",
            "Answer": "Change the channel or check programs on other digital channels. Live TV>Channel List. Using the Channel List, you can change the channel or check programs on other digital channels while watching TV. If you press the right directional button when viewing the Channel List screen, you can use the following functions: All Channels. Displays the channels that the TV found during the Auto Program channel search. Favorites. Displays Favorites 1 to Favorites 5."
        },
        {
            "Section Hierarchy": "TV Viewing>Buttons and functions available while recording a program or Timeshift",
            "Link": "https://www.manualslib.com/manual/1368844/Samsung-Smart-Remote.html?page=82#manual",
            "Question": "How do I record using time Timeshift function and How to go to the live TV?",
            "Answer": "Review available buttons and functions of how they are used while recording a program or Timeshift. This function is not available in the U.S.A. and Canada. This function may not be supported depending on the model or geographical area. The available buttons and functions may differ with the functions. When you press the down directional button, the control bar appears and the following options are available: Record. You can switch from the Timeshift function to the recording function. When switching to the recording function, you can include the content recorded by the Timeshift function in the new recording. This function is only available when the Timeshift function is running. Go to Live TV. Select to return to the current scenes of the program when the recording or Timeshift function is playing its past scenes."
        },
        {
            "Section Hierarchy": "TV Viewing>Buttons and functions available while recording a program or Timeshift",
            "Link": "https://www.manualslib.com/manual/1368844/Samsung-Smart-Remote.html?page=82#manual",
            "Question": "How do I Stop Recording / Stop Timeshift and How do I get the information of recorded program?",
            "Answer": "Review available buttons and functions of how they are used while recording a program or Timeshift. This function is not available in the U.S.A. and Canada. This function may not be supported depending on the model or geographical area. The available buttons and functions may differ with the functions. When you press the down directional button, the control bar appears and the following options are available: Stop Recording / Stop Timeshift. Ends the recording or Timeshift function. Info. Displays the program info window of the program you are recording or time-shifting."
        },
        {
            "Section Hierarchy": "TV Viewing>Buttons and functions available while recording a program or Timeshift",
            "Link": "https://www.manualslib.com/manual/1368844/Samsung-Smart-Remote.html?page=82#manual",
            "Question": "How to do slow forward or slow rewind and How can I jump forward / jump backward?",
            "Answer": "Review available buttons and functions of how they are used while recording a program or Timeshift. This function is not available in the U.S.A. and Canada. This function may not be supported depending on the model or geographical area. The available buttons and functions may differ with the functions. When you press the down directional button, the control bar appears and the following options are available: Pause / Play. You can use the following functions when the video is paused. (Note that with the video paused, the TV does not play audio). Slow Rewind or Slow Forward: Allows you to play the video slowly (1/8, 1/4, 1/2) backward or forward by selecting the or option. To increase the rewind or forward speed in slow mode up to 3 times, select the option repeatedly. To return to normal speed, select the option. When the Slow Rewind function is activated, you can view the difference between the current recording time and the current rewind time. Jump Backward / Jump Forward: Press the up directional button to move the focus to the playback control bar, and then select the left or right directional button in the playback control bar to move backward or forward by 10 seconds in the video. When the Jump Backward function is activated, you can view the difference between the current recording time and the current rewind time."
        },
        {
            "Section Hierarchy": "TV Viewing>Recording Programs>Using the instant and schedule recording options from the guide screen",
            "Link": "https://www.manualslib.com/manual/1368844/Samsung-Smart-Remote.html?page=77#manual",
            "Question": "How do I do instant recording from the guide screen and Explain the steps how to do Schedule Recording from the guide screen?",
            "Answer": "Record a current or upcoming program using a USB device instead of a video recorder. Instant Recording. Select a live program from the Guide, press and hold the Select button, and then select Record from the popup menu to start recording immediately. Schedule Recording. Select a program scheduled to be broadcast, press the Select button, and then select Schedule Recording to set up a scheduled recording of the scheduled program."
        },
        {
            "Section Hierarchy": "TV Viewing>Recording Programs>Using the instant and schedule recording options while watching a program",
            "Link": "https://www.manualslib.com/manual/1368844/Samsung-Smart-Remote.html?page=77#manual",
            "Question": "Explain the steps how to do Schedule Recording while watching a program and Explain the steps how to do Schedule Recording while watching a program?",
            "Answer": "Record a current or upcoming program using a USB device instead of a video recorder. Instant Recording. If you select Record after pressing the or button while watching a broadcast, recording starts. Schedule Recording. Press the Select button while watching a program to display the program info window. Use the left or right directional button to select a scheduled program. Press the Select button, and then select Schedule Recording to set up a scheduled recording of the scheduled program."
        },
        {
            "Section Hierarchy": "TV Viewing>Viewing Broadcast Information at a Glance>Using the guide",
            "Link": "https://www.manualslib.com/manual/1368844/Samsung-Smart-Remote.html?page=76#manual",
            "Question": "Please instruct how to record any program and Is there any way to stop the recording?",
            "Answer": "Live TV>Guide. The image on your TV may differ from the image above depending on the model and geographical area. In the Guide, you can see the daily program schedules for each broadcaster, see program information, choose a program to watch, and set up a scheduled viewing or recording. In the Guide, you can see only the TV programs scheduled after the current time. The Guide also appears when you press the CH button while watching TV. To see information about analog channels and use the analog channel functions of the Guide, you must finish the service provider settings in initial setup. To view the Guide, you must first set the TV's clock ( Settings>General>System Manager>Time>Clock). To start Scheduled viewing, Scheduled recording, and other function for a program listed in the Guide, first move the cursor to it and then press and hold Select button on the remote control to use follows functions: Record: You can make a recording of a current program. This function is not available in the U.S.A. and Canada. This function may not be supported depending on the model or geographical area. Stop: You can stop the recording function that is currently running."
        },
        {
            "Section Hierarchy": "TV Viewing>Viewing Broadcast Information at a Glance>Using the guide",
            "Link": "https://www.manualslib.com/manual/1368844/Samsung-Smart-Remote.html?page=76#manual",
            "Question": "Please provide some instructions on how to schedule program and also can you please explain how to schedule recording??",
            "Answer": "Live TV>Guide. The image on your TV may differ from the image above depending on the model and geographical area. In the Guide, you can see the daily program schedules for each broadcaster, see program information, choose a program to watch, and set up a scheduled viewing or recording. In the Guide, you can see only the TV programs scheduled after the current time. The Guide also appears when you press the CH button while watching TV. To see information about analog channels and use the analog channel functions of the Guide, you must finish the service provider settings in initial setup. To view the Guide, you must first set the TV's clock ( Settings>General>System Manager>Time>Clock). To start Scheduled viewing, Scheduled recording, and other function for a program listed in the Guide, first move the cursor to it and then press and hold Select button on the remote control to use follows functions: Schedule Viewing: You can schedule viewing of a broadcast scheduled program. For more information about watching or Schedule Viewing, refer to 'Setting Up a Schedule Viewing'. Schedule Recording: You can schedule recording of a broadcast scheduled program. This function is not available in the U.S.A. and Canada. This function may not be supported depending on the model or geographical area. For more information about recording or Schedule Recording, refer to 'Recording Programs'."
        },
        {
            "Section Hierarchy": "TV Viewing>Viewing Broadcast Information at a Glance>Using the guide",
            "Link": "https://www.manualslib.com/manual/1368844/Samsung-Smart-Remote.html?page=76#manual",
            "Question": "Please explain the procedure how to edit recording time and Explain the procedure for cancelling Scheduled Viewing / Scheduled Recording?",
            "Answer": "Live TV>Guide. The image on your TV may differ from the image above depending on the model and geographical area. In the Guide, you can see the daily program schedules for each broadcaster, see program information, choose a program to watch, and set up a scheduled viewing or recording. In the Guide, you can see only the TV programs scheduled after the current time. The Guide also appears when you press the CH button while watching TV. To see information about analog channels and use the analog channel functions of the Guide, you must finish the service provider settings in initial setup. To view the Guide, you must first set the TV's clock ( Settings>General>System Manager>Time>Clock). To start Scheduled viewing, Scheduled recording, and other function for a program listed in the Guide, first move the cursor to it and then press and hold Select button on the remote control to use follows functions: Edit Recording Time: You can change the start and end times of scheduled program recordings. This function is not available in the U.S.A. and Canada. This function may not be supported depending on the model or geographical area. Cancel Scheduled Viewing / Cancel Scheduled Recording: You can cancel scheduled viewings or recordings. This function may not be supported depending on the model or geographical area."
        },
        {
            "Section Hierarchy": "TV Viewing>Viewing Broadcast Information at a Glance>Using the guide",
            "Link": "https://www.manualslib.com/manual/1368844/Samsung-Smart-Remote.html?page=76#manual",
            "Question": "How can I select channel filter option and How can I change Antenna type?",
            "Answer": "Live TV>Guide. The image on your TV may differ from the image above depending on the model and geographical area. In the Guide, you can see the daily program schedules for each broadcaster, see program information, choose a program to watch, and set up a scheduled viewing or recording. In the Guide, you can see only the TV programs scheduled after the current time. The Guide also appears when you press the CH button while watching TV. To see information about analog channels and use the analog channel functions of the Guide, you must finish the service provider settings in initial setup. To view the Guide, you must first set the TV's clock ( Settings>General>System Manager>Time>Clock). To start Scheduled viewing, Scheduled recording, and other function for a program listed in the Guide, first move the cursor to it and then press and hold Select button on the remote control to use follows functions: To move to the Channel Filter or Antenna Type, Schedule Manager screen: Press the or button. Channel Filter: You can select a channel filter from a filter list to see a list of channels filtered accordingly. Antenna Type: You can change the type of broadcast signals to receive."
        },
        {
            "Section Hierarchy": "Troubleshooting>Diagnosing TV operational issues>Start Picture Test",
            "Link": "https://www.manualslib.com/manual/1368844/Samsung-Smart-Remote.html?page=107#manual",
            "Question": "How do I troubleshoot video issues and How do I troubleshoot sound issues?",
            "Answer": "Settings>Support>Self Diagnosis. You can use the Picture Test to help diagnose video issues and the Sound Test to diagnose sound issues. You can also view signal strength information for over-the-air digital signals, test the Smart Hub Internet connection, and run the Smart Hub and TV factory reset functions. Start Picture Test. Start Sound Test."
        },
        {
            "Section Hierarchy": "Troubleshooting>Diagnosing TV operational issues>● Signal Information",
            "Link": "https://www.manualslib.com/manual/1368844/Samsung-Smart-Remote.html?page=107#manual",
            "Question": "Where do I find signal information and How do I Smart Hub Connection Test?",
            "Answer": "Settings>Support>Self Diagnosis. You can use the Picture Test to help diagnose video issues and the Sound Test to diagnose sound issues. You can also view signal strength information for over-the-air digital signals, test the Smart Hub Internet connection, and run the Smart Hub and TV factory reset functions. Signal Information. Start Smart Hub Connection Test."
        },
        {
            "Section Hierarchy": "Troubleshooting>Diagnosing TV operational issues>Reset Smart Hub",
            "Link": "https://www.manualslib.com/manual/1368844/Samsung-Smart-Remote.html?page=107#manual",
            "Question": "How do I Reset Smart Hub and How do I do Reset?",
            "Answer": "Settings>Support>Self Diagnosis. You can use the Picture Test to help diagnose video issues and the Sound Test to diagnose sound issues. You can also view signal strength information for over-the-air digital signals, test the Smart Hub Internet connection, and run the Smart Hub and TV factory reset functions. Reset Smart Hub. Reset."
        },
        {
            "Section Hierarchy": "Accessibility Guidance>Using the accessibility menu>Accessibility Shortcuts menu",
            "Link": "https://www.manualslib.com/manual/1368844/Samsung-Smart-Remote.html?page=144#manual",
            "Question": "How do I use Voice Guide and How do I select High Contrast?",
            "Answer": "Press and hold the VOL button to display the Accessibility Shortcuts menu. The Accessibility Shortcuts menu allows you to turn Voice Guide and other Accessibility functions on or off. Voice Guide speaks the names of the menu items displayed on the screen so that people who cannot see the screen can easily use the TV. The menu contains a number of items including: Voice Guide: This function works on every screen on the TV and when turned on speaks to identify items displayed on screen. For example, it tells you the selected volume, the current channel and program information. It also reads out the program information in the Electronic Program Guide (EPG). High Contrast: This function allows you to display all menus with an opaque black background and a white font, providing maximum contrast."
        },
        {
            "Section Hierarchy": "Accessibility Guidance>Using the accessibility menu>Accessibility Shortcuts menu",
            "Link": "https://www.manualslib.com/manual/1368844/Samsung-Smart-Remote.html?page=144#manual",
            "Question": "Where do I find the option of 'Learn TV Remote' and Where do I find the option of 'Learn Menu Screen'?",
            "Answer": "Press and hold the VOL button to display the Accessibility Shortcuts menu. The Accessibility Shortcuts menu allows you to turn Voice Guide and other Accessibility functions on or off. Voice Guide speaks the names of the menu items displayed on the screen so that people who cannot see the screen can easily use the TV. The menu contains a number of items including: Learn TV Remote: Learn the names and functions of the buttons on remote control. On this screen, pressing the power button (top left button) will turn off the TV, but when any other button is pressed the TV will say the button name and briefly tell what that button does. This teaching mode helps you to learn the location and operation of the buttons on the remote without affecting normal TV operation. Press the button twice to exit Learn TV Remote. Learn Menu Screen: Learn the menus on the TV screen. Once enabled, your TV will tell you the structure and features of the menus you select."
        },
        {
            "Section Hierarchy": "Accessibility Guidance>Using the accessibility menu>Setting accessibility settings using Bixby",
            "Link": "https://www.manualslib.com/manual/1368844/Samsung-Smart-Remote.html?page=147#manual",
            "Question": "How do I turn on Voice Guide using Bixby and How do I turn on Video Description using Bixby?",
            "Answer": "Bixby lets you control your TV with voice commands spoken into the microphone built into the Samsung Smart Remote. To use Bixby, the TV must be set up and tuned and must be connected to the Internet. You can connect the TV to the Internet during the initial setup or do it later through the settings menu. There are many commands you can say to control the TV. These can be used together with Voice Guide to give you voice input and voice output. To speak a command, press and hold the button (located near the top of the Samsung Smart Remote, directly below the LED power indicator and above the directional button) and say the command, and then release the button. The TV will confirm the command. For example you can: Press the mic button on the Samsung Smart Remote, and then say “Voice Guide on”. Press the button on the Samsung Smart Remote, and then say “Video Description on”."
        },
        {
            "Section Hierarchy": "Accessibility Guidance>Recording>Using the Instant and Schedule Recording options from the program info window>Recording the program you are watching",
            "Link": "https://www.manualslib.com/manual/1368844/Samsung-Smart-Remote.html?page=159#manual",
            "Question": "How do I start recording and What is timeshift?",
            "Answer": "To display a menu for recording a program or starting the Timeshift function, press the or button while watching the program. You can select the following functions on the menu: Record: Immediately starts to record the program you are watching. Timeshift: Starts the Timeshift function."
        },
        {
            "Section Hierarchy": "Accessibility Guidance>Recording>Using the Instant and Schedule Recording options from the program info window>Recording the program you are watching",
            "Link": "https://www.manualslib.com/manual/1368844/Samsung-Smart-Remote.html?page=159#manual",
            "Question": "How do I stop recording and Where do I find information about my program?",
            "Answer": "To display a menu for recording a program or starting the Timeshift function, press the or button while watching the program. You can select the following functions on the menu: Stop: Stops the recording or the Timeshift function that is running. Info: Displays the details about the program you ware watching."
        },           
    ]
}