{
    "All_Questions": [
        {
            "Section Hierarchy": "Quick Guides>Connecting the Samsung Smart Remote to the TV",
            "Link": "https://www.manualslib.com/manual/1368844/Samsung-Smart-Remote.html?page=7#manual",
            "Question": "I want to connect  Samsung-Smart-Remote to TV. How can I do that?",
            "Answer": "When you turn on the TV for the first time, the Samsung Smart Remote pairs to the TV automatically. If the Samsung Smart Remote does not pair to the TV automatically, point it at the remote control sensor of the TV, and then press and hold the and buttons simultaneously for 3 seconds or more.The images, buttons, and functions of the Samsung Smart Remote may differ depending on the model. For more information about the Samsung Smart Remote that comes with the QLED TV, refer to About the Samsung Smart Remote (QLED TV). For more information about the Samsung Smart Remote that comes with the UHD TV, refer to About the Samsung Smart Remote (UHD TV)."" The Samsung Smart Remote may not be supported depending on the model or geographical area."
        },
        {
            "Section Hierarchy": "Quick Guides>Using Smart Hub>Notification",
            "Link": "https://www.manualslib.com/manual/1368844/Samsung-Smart-Remote.html?page=8#manual",
            "Question": "There is a notification icon in the TV screen. What is the use of it on TV screen?",
            "Answer": "You can view a list of notifications for all events that occur on your TV. A notification appears on the screen when it is time to broadcast a scheduled program or when an event occurs on a registered device. For more information, refer to 'Displaying the Home Screen.'"
        },
        {
            "Section Hierarchy": "Quick Guides>Using Smart Hub>Settings",
            "Link": "https://www.manualslib.com/manual/1368844/Samsung-Smart-Remote.html?page=8#manual",
            "Question": "I want to know about settings option in smart hub. What is it?",
            "Answer": "When the focus is moved to the icon, a list of quick settings icons appears above the top of the menu. You can quickly set frequently used functions by clicking the icons."
        },
        {
            "Section Hierarchy": "Quick Guides>Using Smart Hub>Source",
            "Link": "https://www.manualslib.com/manual/1368844/Samsung-Smart-Remote.html?page=9#manual",
            "Question": "I want to know about source option in the Smart Hub. What is it?",
            "Answer": "You can select an external device connected to the TV. For more information, refer to 'Switching between external devices connected to the TV.'"
        },
        {
            "Section Hierarchy": "Quick Guides>Using Smart Hub>search",
            "Link": "https://www.manualslib.com/manual/1368844/Samsung-Smart-Remote.html?page=9#manual",
            "Question": "I want to know about search option in tne smart hub. Can you explain it?",
            "Answer": "You can search data for channels, programs, movie titles, and apps from Smart Hub.To use this feature, the TV must be connected to the Internet."
        },
        {
            "Section Hierarchy": "Quick Guides>Using Smart Hub>apps ",
            "Link": "https://www.manualslib.com/manual/1368844/Samsung-Smart-Remote.html?page=9#manual",
            "Question": "There is an apps option in the smart hub. How can I use that?",
            "Answer": "You can enjoy a wide range of content including news, sports, weather, and games by installing the corresponding apps on your TV.To use this feature, the TV must be connected to the Internet. For more information, refer to 'Using the APPS Service'."
        },
        {
            "Section Hierarchy": "Quick Guides>Using Smart Hub>ambient mode",
            "Link": "https://www.manualslib.com/manual/1368844/Samsung-Smart-Remote.html?page=9#manual",
            "Question": "How can I turn on ambient mode on TV screen. Can you explain about that?",
            "Answer": "In Ambient Mode, you can view beautiful screens, various visual information, and notifications. To enter Ambient Mode, press the button. To return to the TV mode, press the or button. To shut off the TV, press the button. If you press the button when the TV is turned off, the TV turns on in Ambient Mode. If you use a remote control other than the Samsung TV remote control, there may be restrictions to entering Ambient Mode.Because this function is a QLED TV-specific function, it may not be supported depending on the model. For more information about the Ambient Mode, refer to 'Using the Ambient Mode.'"
        },
        {
            "Section Hierarchy": "Quick Guides>Using Smart Hub>Universal Guide",
            "Link": "https://www.manualslib.com/manual/1368844/Samsung-Smart-Remote.html?page=9#manual",
            "Question": "I dont know about Universal Guide. What is it?",
            "Answer": "Universal Guide is an app that allows you to search for and enjoy various content such as TV shows, dramas, movies, and music in one place. Universal Guide can recommend content tailored to your preferences and notify you of new drama series. For more information about the Universal Guide, refer to 'Using the Universal Guide App'. Images may look blurry depending on the service provider's circumstances.This function may not be supported depending on the model or geographical area."
        },
        {
            "Section Hierarchy": "Quick Guides>Using the Ambient Mode>Ambient Mode",
            "Link": "https://www.manualslib.com/manual/1368844/Samsung-Smart-Remote.html?page=10#manual",
            "Question": "I want to  enter into Ambient mode. How can I do that?",
            "Answer": "The image on your TV may differ from the image above depending on the model and geographical area. In Ambient Mode, you can view beautiful screens, various visual information, and notifications. To enter Ambient Mode, press the button. To return to the TV mode, press the or button. To shut off the TV, press the button. If you press the button when the TV is turned off, the TV turns on in Ambient Mode. "" If you use a remote control other than the Samsung TV remote control, there may be restrictions to entering Ambient Mode. Because this function is a QLED TV-specific function, it may not be supported depending on the model."
        },
        {
            "Section Hierarchy": "Quick Guides>Using the Ambient Mode>Screen states related to Ambient Mode>Ambient Mode",
            "Link": "https://www.manualslib.com/manual/1368844/Samsung-Smart-Remote.html?page=11#manual",
            "Question": " I don't know about Ambient Mode. Can you explain briefly?",
            "Answer": "In Ambient Mode, you can set up and enjoy visual information and design. In this state, less power is consumed and brightness is automatically adjusted by the illuminance sensor."
        },
        {
            "Section Hierarchy": "Quick Guides>Using the Ambient Mode>Screen states related to Ambient Mode>Getting dark state",
            "Link": "https://www.manualslib.com/manual/1368844/Samsung-Smart-Remote.html?page=11#manual",
            "Question": " My TV screen becomes darker. Why?",
            "Answer": "In Ambient Mode, the TV screen changes automatically according to the surroundings. When the surroundings get dark, the TV screen becomes darker. When the surroundings get bright before the TV screen turns completely black or when the remote control or the Bixby function is operated, the TV screen returns to the Ambient Mode. You can change the auto brightness setting for Ambient Mode. For more information, refer to 'Setting up the Ambient Mode details'. In this state, the TV can activate voice guides and process voice commands."
        },
        {
            "Section Hierarchy": "Quick Guides>Using the Ambient Mode>Screen states related to Ambient Mode>Black screen state",
            "Link": "https://www.manualslib.com/manual/1368844/Samsung-Smart-Remote.html?page=11#manual",
            "Question": "My TV screen automatically became black screen. How ?",
            "Answer": "In Ambient Mode, if the surroundings get to a specific level of darkness or there is no external operation, the TV turns soft-off. Then, when the surroundings get bright, the TV screen returns to the Ambient Mode.You can change the auto brightness setting for Ambient Mode. For more information, refer to 'Setting up the Ambient Mode details'. In this state, the TV cannot activate voice guides and process voice commands."
        },
        {
            "Section Hierarchy": "Quick Guides>Using the Ambient Mode>Screen states related to Ambient Mode>TV off state",
            "Link": "https://www.manualslib.com/manual/1368844/Samsung-Smart-Remote.html?page=11#manual",
            "Question": " I want to  enter in to Ambient Mode when the TV is turned off. How can I do that?",
            "Answer": "To enter Ambient Mode when the TV is turned off, press the button on the remote control. To enter TV mode when the TV is turned off, press the button. In TV mode, you can watch broadcasts or enjoy the content on the external connected devices."
        },
        {
            "Section Hierarchy": "Quick Guides>Using the Ambient Mode>Changing the content and settings for Ambient Mode",
            "Link": "https://www.manualslib.com/manual/1368844/Samsung-Smart-Remote.html?page=12#manual",
            "Question": "I to change the Ambient Mode settings. How can I do that?",
            "Answer": "When you press the button in Ambient Mode, the Ambient Mode browser screen appears. In the Ambient Mode browser screen, you can select content and change the Ambient Mode settings."
        },
        {
            "Section Hierarchy": "Quick Guides>Using the Ambient Mode>Changing the content and settings for Ambient Mode>Setting up the content for Ambient Mode",
            "Link": "https://www.manualslib.com/manual/1368844/Samsung-Smart-Remote.html?page=12#manual",
            "Question": " I want to setup a  beautiful screens. How can I do that?",
            "Answer": "The Ambient Mode browser screen displays content at the top and categories at the bottom. Use the left or right directional buttons in the content list at the top to move the focus to content you want, and then press the Select button. The selected content is played in Ambient Mode. In the future, more content that you can set up in the Ambient Mode browser will be provided. You can select the following categories and content: Décor: Allows you to select beautiful screens."
        },
        {
            "Section Hierarchy": "Quick Guides>Using the Ambient Mode>Changing the content and settings for Ambient Mode>Setting up the content for Ambient Mode",
            "Link": "https://www.manualslib.com/manual/1368844/Samsung-Smart-Remote.html?page=12#manual",
            "Question": "I want  to get information about weather. How can I do that?",
            "Answer": "The Ambient Mode browser screen displays content at the top and categories at the bottom. Use the left or right directional buttons in the content list at the top to move the focus to content you want, and then press the Select button. The selected content is played in Ambient Mode. In the future, more content that you can set up in the Ambient Mode browser will be provided. You can select the following categories and content: Info: Provides information such as weather, news headlines, and more. This function may not be supported depending on the geographical area."
        },
        {
            "Section Hierarchy": "Quick Guides>Using the Ambient Mode>Changing the content and settings for Ambient Mode>Setting up the content for Ambient Mode",
            "Link": "https://www.manualslib.com/manual/1368844/Samsung-Smart-Remote.html?page=12#manual",
            "Question": " I to set wallpaper of the Ambient Mode screen. How can I do that?",
            "Answer": "The Ambient Mode browser screen displays content at the top and categories at the bottom. Use the left or right directional buttons in the content list at the top to move the focus to content you want, and then press the Select button. The selected content is played in Ambient Mode. In the future, more content that you can set up in the Ambient Mode browser will be provided. You can select the following categories and content: Photo: Allows you to set a picture stored in your mobile device as the wallpaper of the Ambient Mode screen. You can configure special layouts using your photos. To save photos from your mobile device to the TV and import them in Ambient Mode, use the SmartThings app on your mobile device."
        },
        {
            "Section Hierarchy": "Quick Guides>Using the Ambient Mode>Changing the content and settings for Ambient Mode>Setting up the Ambient Mode details",
            "Link": "https://www.manualslib.com/manual/1368844/Samsung-Smart-Remote.html?page=13#manual",
            "Question": "I want  to adjust the screen brightness. Can you explian about that?",
            "Answer": "In the Ambient Mode browser screen, move the focus to , and then press the Select button. You can change the following settings: Brightness: Adjusts the screen brightness for Ambient Mode."
        },
        {
            "Section Hierarchy": "Quick Guides>Using the Ambient Mode>Changing the content and settings for Ambient Mode>Setting up the Ambient Mode details",
            "Link": "https://www.manualslib.com/manual/1368844/Samsung-Smart-Remote.html?page=13#manual",
            "Question": " I don't like the color of my tv screen. How can I change the color?",
            "Answer": "In the Ambient Mode browser screen, move the focus to , and then press the Select button. You can change the following settings: Color Tone: Adjusts the colors of the screen for Ambient Mode."
        },
        {
            "Section Hierarchy": "Quick Guides>Using the Ambient Mode>Changing the content and settings for Ambient Mode>Setting up the Ambient Mode details",
            "Link": "https://www.manualslib.com/manual/1368844/Samsung-Smart-Remote.html?page=13#manual",
            "Question": "I want to change the auto brightness setting. How can I do that?",
            "Answer": "In the Ambient Mode browser screen, move the focus to , and then press the Select button. You can change the following settings: Auto Brightness: Changes the auto brightness setting for Ambient Mode. When this function is set to Off, the brightness level of the TV screen is not automatically adjusted according to the ambient light level."
        },
        {
            "Section Hierarchy": "Quick Guides>Using the Ambient Mode>Changing the content and settings for Ambient Mode>Setting up the Ambient Mode details",
            "Link": "https://www.manualslib.com/manual/1368844/Samsung-Smart-Remote.html?page=13#manual",
            "Question": "What is Ambient Off Timer. How can I use it?",
            "Answer": "In the Ambient Mode browser screen, move the focus to , and then press the Select button. You can change the following settings: Ambient Off Timer: Sets the time that the Ambient Mode screen turns off automatically. If there is no remote control input for the set time, the TV switches to the black screen state."
        },
        {
            "Section Hierarchy": "Quick Guides>Using the Ambient Mode>Changing the content and settings for Ambient Mode>Changing the background color of Ambient Mode",
            "Link": "https://www.manualslib.com/manual/1368844/Samsung-Smart-Remote.html?page=13#manual",
            "Question": "How do I change the background color of Ambient Mode?",
            "Answer": "To change the background color of Ambient Mode, move the focus to in the Ambient Mode browser screen, and then press the Select button. You can change the background color or pattern. Move the focus to a color or pattern you want, and then press the Select button. Take a picture of a wall using the SmartThings app on your mobile device to set it as the background of Ambient Mode. This function may have a delay in image transmission and optimization depending on the network conditions."
        },
        {
            "Section Hierarchy": "Picture and Sound>Adjusting the Picture Quality>Choosing a picture mode",
            "Link": "manualslib.com/manual/1368844/Samsung-Smart-Remote.html?page=88#manual",
            "Question": "Can I select Dynamic mode?",
            "Answer": "You can change the settings for the picture and the sound according to your preference. Change the Picture Mode and adjust Expert Settings. Settings > Picture > Picture Mode. Dynamic . Makes the picture brighter and clearer in bright viewing environments."
        },
        {
            "Section Hierarchy": "Picture and Sound>Adjusting the Picture Quality>Choosing a picture mode",
            "Link": "manualslib.com/manual/1368844/Samsung-Smart-Remote.html?page=88#manual",
            "Question": "Can I select Standard mode?",
            "Answer": "You can change the settings for the picture and the sound according to your preference. Change the Picture Mode and adjust Expert Settings. Settings > Picture > Picture Mode. Standard. Is the default mode suitable for general viewing environments."
        },
        {
            "Section Hierarchy": "Picture and Sound>Adjusting the Picture Quality>Choosing a picture mode",
            "Link": "manualslib.com/manual/1368844/Samsung-Smart-Remote.html?page=88#manual",
            "Question": "Can I select Natural mode?",
            "Answer": "You can change the settings for the picture and the sound according to your preference. Change the Picture Mode and adjust Expert Settings. Settings > Picture > Picture Mode. Natural. Reduces eye strain for a comfortable viewing experience."
        },
        {
            "Section Hierarchy": "Picture and Sound>Adjusting the Picture Quality>Choosing a picture mode",
            "Link": "manualslib.com/manual/1368844/Samsung-Smart-Remote.html?page=88#manual",
            "Question": "Can I select Movie mode?",
            "Answer": "You can change the settings for the picture and the sound according to your preference. Change the Picture Mode and adjust Expert Settings. Settings > Picture > Picture Mode. Movie. Is suitable for watching TV or movies in a dark room."
        },                
        {
            "Section Hierarchy": "Picture and Sound>Adjusting the Picture Quality>Configuring advanced picture settings",
            "Link": "https://www.manualslib.com/manual/1368844/Samsung-Smart-Remote.html?page=88#manual",
            "Question": "Can I configure Backlight?",
            "Answer": "You can change the settings for the picture and the sound according to your preference. Change the Picture Mode and adjust Expert Settings. Settings > Picture > Expert Settings. Configure the screen settings to your taste by using the following functions: Backlight"
        },
        {
            "Section Hierarchy": "Picture and Sound>Adjusting the Picture Quality>Configuring advanced picture settings",
            "Link": "https://www.manualslib.com/manual/1368844/Samsung-Smart-Remote.html?page=88#manual",
            "Question": "Can I configure Brightness?",
            "Answer": "You can change the settings for the picture and the sound according to your preference. Change the Picture Mode and adjust Expert Settings. Settings > Picture > Expert Settings. Configure the screen settings to your taste by using the following functions: Brightness"
        },
        {
            "Section Hierarchy": "Picture and Sound>Adjusting the Picture Quality>Configuring advanced picture settings",
            "Link": "https://www.manualslib.com/manual/1368844/Samsung-Smart-Remote.html?page=88#manual",
            "Question": "Can I configure Contrast?",
            "Answer": "You can change the settings for the picture and the sound according to your preference. Change the Picture Mode and adjust Expert Settings. Settings > Picture > Expert Settings. Configure the screen settings to your taste by using the following functions: Contrast"
        },
        {
            "Section Hierarchy": "Picture and Sound>Adjusting the Picture Quality>Configuring advanced picture settings",
            "Link": "https://www.manualslib.com/manual/1368844/Samsung-Smart-Remote.html?page=88#manual",
            "Question": "Can I configure Sharpness?",
            "Answer": "You can change the settings for the picture and the sound according to your preference. Change the Picture Mode and adjust Expert Settings. Settings > Picture > Expert Settings. Configure the screen settings to your taste by using the following functions: Sharpness"
        },
        {
            "Section Hierarchy": "Picture and Sound>Adjusting the Picture Quality>Configuring advanced picture settings",
            "Link": "https://www.manualslib.com/manual/1368844/Samsung-Smart-Remote.html?page=88#manual",
            "Question": "Can I configure Color?",
            "Answer": "You can change the settings for the picture and the sound according to your preference. Change the Picture Mode and adjust Expert Settings. Settings > Picture > Expert Settings. Configure the screen settings to your taste by using the following functions: Color"
        },
        {
            "Section Hierarchy": "Picture and Sound>Adjusting the Picture Quality>Configuring advanced picture settings",
            "Link": "https://www.manualslib.com/manual/1368844/Samsung-Smart-Remote.html?page=89#manual",
            "Question": "Can I configure Tint?",
            "Answer": "You can change the settings for the picture and the sound according to your preference. Change the Picture Mode and adjust Expert Settings. Settings > Picture > Expert Settings. Configure the screen settings to your taste by using the following functions: Tint (G/R)"
        },
        {
            "Section Hierarchy": "Picture and Sound>Adjusting the Picture Quality>Configuring advanced picture settings",
            "Link": "https://www.manualslib.com/manual/1368844/Samsung-Smart-Remote.html?page=89#manual",
            "Question": "Can I configure Apply Picture Settings?",
            "Answer": "You can change the settings for the picture and the sound according to your preference. Change the Picture Mode and adjust Expert Settings. Settings > Picture > Expert Settings. Configure the screen settings to your taste by using the following functions: Apply Picture Settings"
        },
        {
            "Section Hierarchy": "Picture and Sound>Adjusting the Picture Quality>Configuring advanced picture settings",
            "Link": "https://www.manualslib.com/manual/1368844/Samsung-Smart-Remote.html?page=89#manual",
            "Question": "Can I configure Digital Clean View?",
            "Answer": "You can change the settings for the picture and the sound according to your preference. Change the Picture Mode and adjust Expert Settings. Settings > Picture > Expert Settings. Configure the screen settings to your taste by using the following functions: Digital Clean View"
        },
        {
            "Section Hierarchy": "Picture and Sound>Adjusting the Picture Quality>Configuring advanced picture settings",
            "Link": "https://www.manualslib.com/manual/1368844/Samsung-Smart-Remote.html?page=89#manual",
            "Question": "Can I configure Auto Motion Plus Settings?",
            "Answer": "You can change the settings for the picture and the sound according to your preference. Change the Picture Mode and adjust Expert Settings. Settings > Picture > Expert Settings. Configure the screen settings to your taste by using the following functions: Auto Motion Plus Settings. When LED Clear Motion is set to On, the screen appears darker than when it is Off."
        },
        {
            "Section Hierarchy": "Picture and Sound>Adjusting the Picture Quality>Configuring advanced picture settings",
            "Link": "https://www.manualslib.com/manual/1368844/Samsung-Smart-Remote.html?page=89#manual",
            "Question": "Can I configure Local Dimming?",
            "Answer": "You can change the settings for the picture and the sound according to your preference. Change the Picture Mode and adjust Expert Settings. Settings > Picture > Expert Settings. Configure the screen settings to your taste by using the following functions: Local Dimming. This function may not be supported depending on the model or geographical area."
        },
        {
            "Section Hierarchy": "Picture and Sound>Adjusting the Picture Quality>Configuring advanced picture settings",
            "Link": "https://www.manualslib.com/manual/1368844/Samsung-Smart-Remote.html?page=89#manual",
            "Question": "Can I configure Contrast Enhancer?",
            "Answer": "You can change the settings for the picture and the sound according to your preference. Change the Picture Mode and adjust Expert Settings. Settings > Picture > Expert Settings. Configure the screen settings to your taste by using the following functions: Contrast Enhancer"
        },
        {
            "Section Hierarchy": "Picture and Sound>Adjusting the Picture Quality>Configuring advanced picture settings",
            "Link": "https://www.manualslib.com/manual/1368844/Samsung-Smart-Remote.html?page=89#manual",
            "Question": "Can I configure HDR+ Mode?",
            "Answer": "You can change the settings for the picture and the sound according to your preference. Change the Picture Mode and adjust Expert Settings. Settings > Picture > Expert Settings. Configure the screen settings to your taste by using the following functions: HDR+ Mode. Automatically provide an optimal HDR effect based on the video source. The HDR (High Dynamic Range) technology implements video images that are very similar to the images seen through human eyes by finely adjusting the contrast of the source. This function may not be supported depending on the model or geographical area."
        },
        {
            "Section Hierarchy": "Picture and Sound>Adjusting the Picture Quality>Configuring advanced picture settings",
            "Link": "https://www.manualslib.com/manual/1368844/Samsung-Smart-Remote.html?page=89#manual",
            "Question": "Can I configure Film Mode?",
            "Answer": "You can change the settings for the picture and the sound according to your preference. Change the Picture Mode and adjust Expert Settings. Settings > Picture > Expert Settings. Configure the screen settings to your taste by using the following functions: Film Mode. This function is only available when the input signal is TV, AV, Component (480i, 1080i), or HDMI (1080i)."
        },
        {
            "Section Hierarchy": "Picture and Sound>Adjusting the Picture Quality>Configuring advanced picture settings",
            "Link": "https://www.manualslib.com/manual/1368844/Samsung-Smart-Remote.html?page=89#manual",
            "Question": "Can I configure Color Tone ?",
            "Answer": "You can change the settings for the picture and the sound according to your preference. Change the Picture Mode and adjust Expert Settings. Settings > Picture > Expert Settings. Configure the screen settings to your taste by using the following functions: Color Tone "
        },
        {
            "Section Hierarchy": "Picture and Sound>Adjusting the Picture Quality>Configuring advanced picture settings",
            "Link": "https://www.manualslib.com/manual/1368844/Samsung-Smart-Remote.html?page=89#manual",
            "Question": "Can I configure White Balance?",
            "Answer": "You can change the settings for the picture and the sound according to your preference. Change the Picture Mode and adjust Expert Settings. Settings > Picture > Expert Settings. Configure the screen settings to your taste by using the following functions: White Balance"
        },
        {
            "Section Hierarchy": "Picture and Sound>Adjusting the Picture Quality>Configuring advanced picture settings",
            "Link": "https://www.manualslib.com/manual/1368844/Samsung-Smart-Remote.html?page=89#manual",
            "Question": "Can I configure Gamma?",
            "Answer": "You can change the settings for the picture and the sound according to your preference. Change the Picture Mode and adjust Expert Settings. Settings > Picture > Expert Settings. Configure the screen settings to your taste by using the following functions: Gamma"
        },
        {
            "Section Hierarchy": "Picture and Sound>Adjusting the Picture Quality>Configuring advanced picture settings",
            "Link": "https://www.manualslib.com/manual/1368844/Samsung-Smart-Remote.html?page=89#manual",
            "Question": "Can I configure RGB Only Mode?",
            "Answer": "You can change the settings for the picture and the sound according to your preference. Change the Picture Mode and adjust Expert Settings. Settings > Picture > Expert Settings. Configure the screen settings to your taste by using the following functions: RGB Only Mode"
        },
        {
            "Section Hierarchy": "Picture and Sound>Adjusting the Picture Quality>Configuring advanced picture settings",
            "Link": "https://www.manualslib.com/manual/1368844/Samsung-Smart-Remote.html?page=89#manual",
            "Question": "Can I configure Color Space Settings?",
            "Answer": "You can change the settings for the picture and the sound according to your preference. Change the Picture Mode and adjust Expert Settings. Settings > Picture > Expert Settings. Configure the screen settings to your taste by using the following functions: Color Space Settings"
        },
        {
            "Section Hierarchy": "Picture and Sound>Adjusting the Picture Quality>Configuring advanced picture settings",
            "Link": "https://www.manualslib.com/manual/1368844/Samsung-Smart-Remote.html?page=89#manual",
            "Question": "Can I configure Reset Picture?",
            "Answer": "You can change the settings for the picture and the sound according to your preference. Change the Picture Mode and adjust Expert Settings. Settings > Picture > Expert Settings. Configure the screen settings to your taste by using the following functions: Reset Picture"
        },
        {
            "Section Hierarchy": "Picture and Sound>Setting the Viewing Environment for External Devices>Playing games on an optimized screen",
            "Link": "https://www.manualslib.com/manual/1368844/Samsung-Smart-Remote.html?page=90#manual",
            "Question": "I want to change Game Mode settings. How to do this?",
            "Answer": "You can optimize the TV for viewing specific video formats. Settings>General>External Device Manager>(Game Mode Settings)>Game Mode. You can enable game mode to optimize the TV's settings for playing video games with a gaming console, such as a PlayStation™ or Xbox™. The Game Mode Settings may not appear depending on the model. The game mode is not available for normal TV viewing. The screen may shake somewhat. When Game Mode is enabled, Picture Mode and Sound Mode are switched to Game automatically. To use a different external device on the same port, remove the game console connection, turn off Game Mode, and then connect the external device to the port."
        },
        {
            "Section Hierarchy": "Picture and Sound>Setting the Viewing Environment for External Devices>Configuring game mode details>Configuring Game Motion Plus",
            "Link": "https://www.manualslib.com/manual/1368844/Samsung-Smart-Remote.html?page=90#manual",
            "Question": "Can I configure Game Motion Plus?",
            "Answer": "Settings>General>External Device Manager>Game Mode Settings>Game Motion Plus Settings. You can configure the Game Motion Plus settings. This function may not be supported depending on the model or geographical area."
        },
        {
            "Section Hierarchy": "Picture and Sound>Setting the Viewing Environment for External Devices>Viewing UHD videos",
            "Link": "https://www.manualslib.com/manual/1368844/Samsung-Smart-Remote.html?page=91#manual",
            "Question": "I want to use HDMI UHD Color. How can I use it?",
            "Answer": "Settings>General>External Device Manager>HDMI UHD Color. If an external UHD player is connected to the TV, use the HDMI UHD Color function to convert the TV's HDMI connector to a mode optimized for the UHD 50P/60P signals. When you select the HDMI connector you want to use for HDMI UHD Color, and then press the Select button to set the HDMI UHD Color function to On, the TV screen flickers. The HDMI connection with HDMI UHD Color set to Off supports up to UHD 50P/60P 4:2:0 input signals, while the HDMI connection with HDMI UHD Color set to On supports up to UHD 50P/60P 4:4:4 and 4:2:2 input signals. For more information, refer to 'Supported Resolutions for UHD Input Signals.' When you connect the TV to an external device that supports only the UHD 24 or 30 Hz frequency or any FHD frequency, the HDMI UHD Color function may not be available. In this case, set HDMI UHD Color to Off."
        },
        {
            "Section Hierarchy": "Picture and Sound>Setting the Viewing Environment for External Devices>Using HDMI black level",
            "Link": "https://www.manualslib.com/manual/1368844/Samsung-Smart-Remote.html?page=91#manual",
            "Question": "Explain the procedure to adjust HDMI black level?",
            "Answer": "Settings>General>External Device Manager>HDMI Black Level. Use HDMI Black Level to adjust the black level to compensate for low black levels, low contrast, or dull colors generated by external devices connected to the TV via an HDMI cable. This function is only available when the input signal connected to the TV via an HDMI connector is set to RGB444."
        },
        {
            "Section Hierarchy": "Picture and Sound>Changing the Picture Size and Position>Changing the picture size",
            "Link": "https://www.manualslib.com/manual/1368844/Samsung-Smart-Remote.html?page=92#manual",
            "Question": "I want to change the size of the picture to 16:9. How to do ?",
            "Answer": "Change the picture size and position for your TV. Settings>Picture>Picture Size Settings>Picture Size. You can change the size of the picture displayed on the TV screen. 16:9 Standard"
        },
        {
            "Section Hierarchy": "Picture and Sound>Changing the Picture Size and Position>Changing the picture size",
            "Link": "https://www.manualslib.com/manual/1368844/Samsung-Smart-Remote.html?page=92#manual",
            "Question": "Can I change the size of the picture to Custom?",
            "Answer": "Change the picture size and position for your TV. Settings>Picture>Picture Size Settings>Picture Size. You can change the size of the picture displayed on the TV screen. Custom"
        },
        {
            "Section Hierarchy": "Picture and Sound>Changing the Picture Size and Position>Changing the picture size",
            "Link": "https://www.manualslib.com/manual/1368844/Samsung-Smart-Remote.html?page=92#manual",
            "Question": "Can I change the size of the picture to 4:3 ?",
            "Answer": "Change the picture size and position for your TV. Settings>Picture>Picture Size Settings>Picture Size. You can change the size of the picture displayed on the TV screen. 4:3"
        },
        {
            "Section Hierarchy": "Picture and Sound>Changing the Picture Size and Position>Fitting the picture to the screen",
            "Link": "https://www.manualslib.com/manual/1368844/Samsung-Smart-Remote.html?page=92#manual",
            "Question": "Can I fit the picture to the screen?",
            "Answer": "Settings>Picture>Picture Size Settings>Fit to Screen. This function may not be supported depending on the Picture Size setting. This function may not be supported depending on the broadcast signals."
        },
        {
            "Section Hierarchy": "Picture and Sound>Changing the Picture Size and Position>Fitting the picture to the screen",
            "Link": "https://www.manualslib.com/manual/1368844/Samsung-Smart-Remote.html?page=92#manual",
            "Question": "Can I adjust the picture size or position?",
            "Answer": "Settings>Picture>Picture Size Settings>Zoom and Position. This function is available only if Picture Size is set to Custom. To change the picture position on analog channels, first enlarge the picture and then change the position."
        },
        {
            "Section Hierarchy": "Picture and Sound>Configuring a Sound Mode and Expert Settings>Choosing a sound mode",
            "Link": "https://www.manualslib.com/manual/1368844/Samsung-Smart-Remote.html?page=93#manual",
            "Question": "Can I select Standard sound mode?",
            "Answer": "Change the Sound Mode and adjust Expert Settings. Settings>Sound>Sound Mode. You can select a favorite sound mode suitable for the content type or the listening environment. Standard"
        },
        {
            "Section Hierarchy": "Picture and Sound>Configuring a Sound Mode and Expert Settings>Choosing a sound mode",
            "Link": "https://www.manualslib.com/manual/1368844/Samsung-Smart-Remote.html?page=93#manual",
            "Question": "Can I select Optimized sound mode?",
            "Answer": "Change the Sound Mode and adjust Expert Settings. Settings>Sound>Sound Mode. You can select a favorite sound mode suitable for the content type or the listening environment. Optimized"
        },
        {
            "Section Hierarchy": "Picture and Sound>Configuring a Sound Mode and Expert Settings>Choosing a sound mode",
            "Link": "https://www.manualslib.com/manual/1368844/Samsung-Smart-Remote.html?page=93#manual",
            "Question": "What are the steps to Amplify sound mode?",
            "Answer": "Change the Sound Mode and adjust Expert Settings. Settings>Sound>Sound Mode. You can select a favorite sound mode suitable for the content type or the listening environment. Amplify"
        },
        {
            "Section Hierarchy": "Picture and Sound>Configuring a Sound Mode and Expert Settings>Configuring advanced sound settings",
            "Link": "https://www.manualslib.com/manual/1368844/Samsung-Smart-Remote.html?page=93#manual",
            "Question": "Can I balance the sound quality?",
            "Answer": "Settings>Sound>Expert Settings. You can personalize the sound quality by adjusting the following settings. Balance"
        },
        {
            "Section Hierarchy": "Picture and Sound>Configuring a Sound Mode and Expert Settings>Configuring advanced sound settings",
            "Link": "https://www.manualslib.com/manual/1368844/Samsung-Smart-Remote.html?page=93#manual",
            "Question": "Can I change equalizer?",
            "Answer": "Settings>Sound>Expert Settings. You can personalize the sound quality by adjusting the following settings. Equalizer "
        },
        {
            "Section Hierarchy": "Picture and Sound>Configuring a Sound Mode and Expert Settings>Configuring advanced sound settings",
            "Link": "https://www.manualslib.com/manual/1368844/Samsung-Smart-Remote.html?page=93#manual",
            "Question": "Can I change HDMI Input Audio Format?",
            "Answer": "Settings>Sound>Expert Settings. You can personalize the sound quality by adjusting the following settings. HDMI Input Audio Format"
        },
        {
            "Section Hierarchy": "Picture and Sound>Configuring a Sound Mode and Expert Settings>Configuring advanced sound settings",
            "Link": "https://www.manualslib.com/manual/1368844/Samsung-Smart-Remote.html?page=93#manual",
            "Question": "Can I configure Digital Output Audio Format?",
            "Answer": "Settings>Sound>Expert Settings. You can personalize the sound quality by adjusting the following settings. Digital Output Audio Format. If you use a receiver that does not support Dolby Digital Plus, you will hear no sound if you select Dolby Digital+. The Dolby Digital+ option is only available via ARC(HDMI) for external devices that support the format."
        },
        {
            "Section Hierarchy": "Picture and Sound>Configuring a Sound Mode and Expert Settings>Configuring advanced sound settings",
            "Link": "https://www.manualslib.com/manual/1368844/Samsung-Smart-Remote.html?page=93#manual",
            "Question": "Can I balance the sound quality?",
            "Answer": "Settings>Sound>Expert Settings. You can personalize the sound quality by adjusting the following settings. Balance"
        },
        {
            "Section Hierarchy": "Picture and Sound>Configuring a Sound Mode and Expert Settings>Configuring advanced sound settings",
            "Link": "https://www.manualslib.com/manual/1368844/Samsung-Smart-Remote.html?page=93#manual",
            "Question": "Can I configure Audio Delay?",
            "Answer": "Settings>Sound>Expert Settings. You can personalize the sound quality by adjusting the following settings. Audio Delay"
        },
        {
            "Section Hierarchy": "Picture and Sound>Configuring a Sound Mode and Expert Settings>Configuring advanced sound settings",
            "Link": "https://www.manualslib.com/manual/1368844/Samsung-Smart-Remote.html?page=93#manual",
            "Question": "Can I do Sound Mirroring?",
            "Answer": "Settings>Sound>Expert Settings. You can personalize the sound quality by adjusting the following settings. Sound Mirroring. When the Sound Mirroring function is set to On, you can share your mobile device's sound using your TV speakers. This function may not be supported depending on the TV model or mobile device."
        },
        {
            "Section Hierarchy": "Picture and Sound>Configuring a Sound Mode and Expert Settings>Configuring advanced sound settings",
            "Link": "https://www.manualslib.com/manual/1368844/Samsung-Smart-Remote.html?page=93#manual",
            "Question": "Can I change Auto Volume?",
            "Answer": "Settings>Sound>Expert Settings. You can personalize the sound quality by adjusting the following settings. Auto Volume"
        },
        {
            "Section Hierarchy": "Picture and Sound>Configuring a Sound Mode and Expert Settings>Configuring advanced sound settings",
            "Link": "https://www.manualslib.com/manual/1368844/Samsung-Smart-Remote.html?page=93#manual",
            "Question": "Can I select Sound Feedback?",
            "Answer": "Settings>Sound>Expert Settings. You can personalize the sound quality by adjusting the following settings. Sound Feedback"
        },
        {
            "Section Hierarchy": "Picture and Sound>Configuring a Sound Mode and Expert Settings>Configuring advanced sound settings",
            "Link": "https://www.manualslib.com/manual/1368844/Samsung-Smart-Remote.html?page=93#manual",
            "Question": "Can I reset the sound?",
            "Answer": "Settings>Sound>Expert Settings. You can personalize the sound quality by adjusting the following settings. Reset Sound"
        },
        {
            "Section Hierarchy": "Picture and Sound>Using the Sound Support Functions>Selecting speakers",
            "Link": "https://www.manualslib.com/manual/1368844/Samsung-Smart-Remote.html?page=94#manual",
            "Question": "Can I select speaker for sound output?",
            "Answer": "Settings>Sound>Sound Output. You can select which speakers the TV uses for audio output. External speakers may not be controlled with the Samsung Smart Remote. When an external speaker is enabled, some sound menus are not supported."
        },
        {
            "Section Hierarchy": "Picture and Sound>Using the Sound Support Functions>Listening to the TV through Bluetooth devices",
            "Link": "https://www.manualslib.com/manual/1368844/Samsung-Smart-Remote.html?page=94#manual",
            "Question": "Can I connect to the bluetooth audio devices to the TV?",
            "Answer": "Settings>Sound>Sound Output>Speaker List. You can connect Bluetooth audio devices to the TV. They must be paired using the TV's Bluetooth function. For more information on pairing, refer to the Bluetooth audio device's operating manual. This function may not be supported depending on the model or geographical area. If the TV fails to find a Bluetooth audio device, place the device closer to the TV, and then select Refresh. When you turn on a paired Bluetooth audio device, the TV detects it automatically, and then displays a pop-up window. Use this pop-up window to activate/deactivate the Bluetooth audio device. The sound quality may be affected by the condition of the Bluetooth connection. Before using a Bluetooth audio device, refer to 'Read Before Using Bluetooth Devices.'"
        },
        {
            "Section Hierarchy": "Picture and Sound>Using the Sound Support Functions>Listening to the TV through a Samsung audio device that supports the Wi-Fi function>Using Samsung audio devices that support the Wi-Fi function to create a surround sound configuration",
            "Link": "https://www.manualslib.com/manual/1368844/Samsung-Smart-Remote.html?page=95#manual",
            "Question": "Can I connect to the Samsung wireless audio devices which has Wi-Fi enabled function?",
            "Answer": "For more information about how to connect and use a Samsung audio device that supports the Wi-Fi function, refer to its user manual. This function may not be supported depending on the model. Settings>Sound>Wi-Fi Speaker Surround Setup. If you've connected one or more Samsung wireless audio devices that support the Wi-Fi function to the TV, you can create an optimal sound set up by configuring the surround effect settings. You can select any of the surround sound configurations, with or without a sound bar. A surround sound configuration can be used if all of the following conditions are met: Two or more Samsung wireless speakers of the same type must be connected to the same wireless network. The Samsung audio devices that support the Wi-Fi function must be connected to the same wireless network as the TV. Surround sound configurations with a sound bar may not be supported depending on the product. If you activate the Screen Mirroring function while using Samsung audio devices that support the Wi-Fi function, the Wi-Fi connection is disconnected. Mismatched video and audio lip-syncing may occur depending on the device type."
        },
        {
            "Section Hierarchy": "System and Support>Using the Time Functions and the Timers>Setting the current time",
            "Link": "https://www.manualslib.com/manual/1368844/Samsung-Smart-Remote.html?page=96#manual",
            "Question": "Can I set the current time on the TV?",
            "Answer": "You can configure system and support settings such as time, screen burn protection, software update, etc. Set the current time and use the timer function. Settings>General>System Manager>Time. You can set the Clock manually or automatically. Once the Clock is set, you can view the current time on the TV anytime."
        },
        {
            "Section Hierarchy": "System and Support>Using the Time Functions and the Timers>Setting the current time",
            "Link": "https://www.manualslib.com/manual/1368844/Samsung-Smart-Remote.html?page=96#manual",
            "Question": "What are the different cases do I need to reset the clock time?",
            "Answer": "You must reset the clock in the following cases: The power cable is disconnected and then connected. The Clock Mode is changed from Manual to Auto. The TV is not connected to the Internet. No broadcast signals are received."
        },
        {
            "Section Hierarchy": "System and Support>Using the Time Functions and the Timers>Setting the clock automatically",
            "Link": "https://www.manualslib.com/manual/1368844/Samsung-Smart-Remote.html?page=96#manual",
            "Question": "Can I set the clock automatically?",
            "Answer": "Settings>General>System Manager>Time>Clock>Clock Mode>Auto. This function works only when the TV is connected to the Internet or is receiving digital broadcasts through a connected antenna. The accuracy of the time information received may differ with the channel and signal. If you get your TV signal from a cable broadcast receiver/set-top box or a satellite receiver/satellite set-top box connected to an HDMI or Component port, you must set the current time manually."
        },
        {
            "Section Hierarchy": "System and Support>Using the Time Functions and the Timers>Adjusting the clock for DST and time zone",
            "Link": "https://www.manualslib.com/manual/1368844/Samsung-Smart-Remote.html?page=97#manual",
            "Question": "Can I set Time Zone?",
            "Answer": "Settings>General>System Manager>Time>Clock. Sets the right time by setting Daylight Savings Time (DST) and your local time zone. Time Zone. Selects your time zone. This function is only available when the Clock Mode is set to Auto."
        },
        {
            "Section Hierarchy": "System and Support>Using the Time Functions and the Timers>Adjusting the clock for DST and time zone",
            "Link": "https://www.manualslib.com/manual/1368844/Samsung-Smart-Remote.html?page=97#manual",
            "Question": "Can I set Daylight Saving Time (DST)?",
            "Answer": "Settings>General>System Manager>Time>Clock. Sets the right time by setting Daylight Savings Time (DST) and your local time zone. DST. Automatically adjusts for Daylight Saving Time (DST). This function is only available when the Clock Mode is set to Auto."
        },
        {
            "Section Hierarchy": "System and Support>Using the Time Functions and the Timers>Changing the current time",
            "Link": "https://www.manualslib.com/manual/1368844/Samsung-Smart-Remote.html?page=97#manual",
            "Question": "Can I change the current time on TV?",
            "Answer": "Settings>General>System Manager>Time>Clock>Time Offset. Time Offset adjusts the time through a network connection. This function is only available if Clock Mode is set to Auto and the TV is connected to the Internet though a local area network. Time Offset adjusts the time if the TV fails to receive time information through normal digital broadcast signals."
        },
        {
            "Section Hierarchy": "System and Support>Using the Time Functions and the Timers>Setting the clock manually",
            "Link": "https://www.manualslib.com/manual/1368844/Samsung-Smart-Remote.html?page=97#manual",
            "Question": "Can I set the clock manually?",
            "Answer": "Settings>General>System Manager>Time>Clock>Clock Mode>Manual. When Clock Mode is set to Manual, you can directly enter the current time. Select the Date and Time by using the directional buttons on the remote control."
        },
        {
            "Section Hierarchy": "System and Support>Using the Time Functions and the Timers>Using the timers>Using the sleep timer",
            "Link": "https://www.manualslib.com/manual/1368844/Samsung-Smart-Remote.html?page=97#manual",
            "Question": "How do I set sleep timer for the TV?",
            "Answer": "Settings>General>System Manager>Time>Sleep Timer. You can use this function to automatically shut off the TV after a pre-set period of time. You can set the sleep timer for up to 180 minutes after which it will turn off the TV."
        },
        {
            "Section Hierarchy": "System and Support>Using the Time Functions and the Timers>Using the timers>Turning off the TV using the off timer",
            "Link": "https://www.manualslib.com/manual/1368844/Samsung-Smart-Remote.html?page=97#manual",
            "Question": "Can I turn off the TV using off timer?",
            "Answer": "Settings>General>System Manager>Time>Off Timer. You can set Off Timer to shut off the TV automatically at a specific time. Off Timer is only available if the Clock has been set."
        },
        {
            "Section Hierarchy": "System and Support>Using the Screen Burn Protection and Energy Saving Functions>Preventing screen burn",
            "Link": "https://www.manualslib.com/manual/1368844/Samsung-Smart-Remote.html?page=98#manual",
            "Question": "Can I prevent screen burn?",
            "Answer": "Protect the screen from screen burn-in and reduce the TV's energy consumption. Settings?General>System Manager>Auto Protection Time. Still images can leave burned-in after-images if left on the screen for a long period of time. If a still image continues for two hours, the screen burn protection function can be activated automatically to protect the screen from burned-in after-images"
        },
        {
            "Section Hierarchy": "System and Support>Using the Screen Burn Protection and Energy Saving Functions>Reducing the energy consumption of the TV",
            "Link": "https://www.manualslib.com/manual/1368844/Samsung-Smart-Remote.html?page=98#manual",
            "Question": "Can I select Ambient Light Detection ?",
            "Answer": "Settings>General>Eco Solution. You can adjust the brightness level of the TV, reduce overall power consumption, and prevent overheating. Ambient Light Detection. Automatically adjusts the brightness level of the TV, according to the ambient light level, to reduce power consumption. If Ambient Light Detection has adjusted the screen brightness to a too bright or dark level, you can select Minimum Backlight to manually adjust the minimum screen brightness."
        },
        {
            "Section Hierarchy": "System and Support>Using the Screen Burn Protection and Energy Saving Functions>Reducing the energy consumption of the TV",
            "Link": "https://www.manualslib.com/manual/1368844/Samsung-Smart-Remote.html?page=98#manual",
            "Question": "Can I select Minimum Backlight ?",
            "Answer": "Settings>General>Eco Solution. You can adjust the brightness level of the TV, reduce overall power consumption, and prevent overheating. When Ambient Light Detection is turned on, you can manually adjust the minimum brightness of the TV screen. This function acts only when the value is less than the setting in Settings>Picture>Expert Settings>Backlight."
        },
        {
            "Section Hierarchy": "System and Support>Using the Screen Burn Protection and Energy Saving Functions>Reducing the energy consumption of the TV",
            "Link": "https://www.manualslib.com/manual/1368844/Samsung-Smart-Remote.html?page=98#manual",
            "Question": "Can I select Power Saving Mode?",
            "Answer": "Settings>General>Eco Solution. You can adjust the brightness level of the TV, reduce overall power consumption, and prevent overheating. Allows you to select a brightness setting from the list to reduce the TV's power consumption."
        },
        {
            "Section Hierarchy": "System and Support>Using the Screen Burn Protection and Energy Saving Functions>Reducing the energy consumption of the TV",
            "Link": "https://www.manualslib.com/manual/1368844/Samsung-Smart-Remote.html?page=98#manual",
            "Question": "Can I select Motion Lighting ?",
            "Answer": "Settings>General>Eco Solution. You can adjust the brightness level of the TV, reduce overall power consumption, and prevent overheating. Adjusts the brightness in response to on-screen movements to reduce power consumption."
        },
        {
            "Section Hierarchy": "System and Support>Using the Screen Burn Protection and Energy Saving Functions>Reducing the energy consumption of the TV",
            "Link": "https://www.manualslib.com/manual/1368844/Samsung-Smart-Remote.html?page=98#manual",
            "Question": "Can I select Auto Power Off?",
            "Answer": "Settings>General>Eco Solution. You can adjust the brightness level of the TV, reduce overall power consumption, and prevent overheating. Automatically turns off the TV to reduce unnecessary power consumption if there is no operation for 4 hours."
        },
        {
            "Section Hierarchy": "System and Support>Updating the TV’s Software>Updating the TV’s software to the latest version>Updating through the Internet",
            "Link": "https://www.manualslib.com/manual/1368844/Samsung-Smart-Remote.html?page=99#manual",
            "Question": "Can I update TV’s software through Internet?",
            "Answer": "Settings>Support>Software Update?Update Now. Updating from the Internet requires an active Internet connection."
        },
        {
            "Section Hierarchy": "System and Support>Updating the TV’s Software>Updating the TV’s software to the latest version>Updating through a USB device",
            "Link": "https://www.manualslib.com/manual/1368844/Samsung-Smart-Remote.html?page=99#manual",
            "Question": "Can I update TV’s software through a USB device ?",
            "Answer": "Settings>Support>Software Update?Update Now. After downloading the update file from the Samsung website and storing it on a USB device, connect the USB device to the TV to update. To update using a USB flash drive, download the update package from Samsung.com to your computer. Then, save the update package in the USB device's top-level folder. Otherwise, the TV will not be able to locate the update package."
        },
        {
            "Section Hierarchy": "System and Support>Updating the TV’s Software>Updating the TV automatically",
            "Link": "https://www.manualslib.com/manual/1368844/Samsung-Smart-Remote.html?page=99#manual",
            "Question": "Can I update TV’s software automatically?",
            "Answer": "Settings>Support>Software Update>Auto Update. If the TV is connected to the Internet, you can have the TV update its software automatically while you are watching the TV. When the background update is completed, it is applied the next time the TV is turned on. If you agree to the Smart Hub terms and conditions, Auto Update is set to On automatically. If you want this function disabled, use the Select button to turn it off. This function may take a longer time if another network function is running concurrently. This function requires an Internet connection."
        },
        {
            "Section Hierarchy": "System and Support>Protecting the TV from Hacking and Malicious Code",
            "Link": "https://www.manualslib.com/manual/1368844/Samsung-Smart-Remote.html?page=100#manual",
            "Question": "How can I use Smart Security?",
            "Answer": "Protect your TV from hacking attempts and malicious code. Settings>General>System Manager>Smart Security. You can use Smart Security to protect the TV from hacking and malicious code when it is connected to the Internet."
        },
        {
            "Section Hierarchy": "System and Support>Protecting the TV from Hacking and Malicious Code>Scanning the TV and connected storage for malicious code",
            "Link": "https://www.manualslib.com/manual/1368844/Samsung-Smart-Remote.html?page=100#manual",
            "Question": "Can I scan TV for malicious code ?",
            "Answer": "Settings>General>System Manager>Smart Security>Scan. If malicious code is found, the results of the scan will appear on the screen. This result window displays all malicious code found. You can quarantine (isolate) the code. Quarantining prevents it from executing. 1. Select all the malicious code to quarantine. 2. Select Isolate. The selected malicious code is relocated to the Isolated List. The Isolated List displays all quarantined malicious codes."
        },
        {
            "Section Hierarchy": "Smart Features>Smart Hub>Displaying the Home Screen>Settings",
            "Link": "https://www.manualslib.com/manual/1368844/Samsung-Smart-Remote.html?page=51#manual",
            "Question": "Where do I find picture mode option and how can I use it?",
            "Answer": "When the focus is moved to the icon, a list of quick settings icons appears above the top of the menu. You can quickly set frequently used functions by clicking the icons. You can select the picture mode that provides the best viewing experience. To change the picture mode, press the Select button. To make fine adjustments, press the up directional button, and then select Picture Setup."
        },
        {
            "Section Hierarchy": "Smart Features>Smart Hub>Displaying the Home Screen>Settings",
            "Link": "https://www.manualslib.com/manual/1368844/Samsung-Smart-Remote.html?page=51#manual",
            "Question": "Where do I find sound mode option and how to use it?",
            "Answer": "When the focus is moved to the icon, a list of quick settings icons appears above the top of the menu. You can quickly set frequently used functions by clicking the icons. You can select a sound mode to optimize your listening experience. To change the sound mode, press the Select button. To make fine adjustments, press the up directional button, and then select Equalizer Setup."
        },
        {
            "Section Hierarchy": "Smart Features>Smart Hub>Displaying the Home Screen>Settings",
            "Link": "https://www.manualslib.com/manual/1368844/Samsung-Smart-Remote.html?page=51#manual",
            "Question": "Where do I find sound output otion and how do I use this?",
            "Answer": "When the focus is moved to the icon, a list of quick settings icons appears above the top of the menu. You can quickly set frequently used functions by clicking the icons. You can select which speakers the TV uses for audio output. To change the audio output, press the Select button. To connect to a Bluetooth speaker, press the up directional button, and then select Speaker List. Connecting Bluetooth speaker may not be supported depending on the model or geographical area."
        },
        {
            "Section Hierarchy": "Smart Features>Smart Hub>Displaying the Home Screen>Settings",
            "Link": "https://www.manualslib.com/manual/1368844/Samsung-Smart-Remote.html?page=51#manual",
            "Question": "I need the caption function to be activated. How to do that?",
            "Answer": "When the focus is moved to the icon, a list of quick settings icons appears above the top of the menu. You can quickly set frequently used functions by clicking the icons. You can watch TV broadcasts with captions. To activate/deactivate the Caption function, press the Select button. To run Accessibility Shortcuts, press the up directional button, and then select Accessibility Shortcuts."
        },
        {
            "Section Hierarchy": "Smart Features>Smart Hub>Displaying the Home Screen>Settings",
            "Link": "https://www.manualslib.com/manual/1368844/Samsung-Smart-Remote.html?page=51#manual",
            "Question": "Where do I find sleep timer function. What is the use of it?",
            "Answer": "When the focus is moved to the icon, a list of quick settings icons appears above the top of the menu. You can quickly set frequently used functions by clicking the icons. You can have the TV automatically turn off at a specific time. To change the sleep time, press the Select button. To set the specific time at which the TV turns off automatically, press the up directional button, and then select Set Up Off Timer."
        },
        {
            "Section Hierarchy": "Smart Features>Smart Hub>Displaying the Home Screen>Settings",
            "Link": "https://www.manualslib.com/manual/1368844/Samsung-Smart-Remote.html?page=51#manual",
            "Question": "I want to know the current network. How to check that?",
            "Answer": "When the focus is moved to the icon, a list of quick settings icons appears above the top of the menu. You can quickly set frequently used functions by clicking the icons. You can view the current network and Internet status. Press the up directional button, and then select Network Status or Network Settings. Pressing Settings displays all setting menus available. This function may not be supported depending on the model or geographical area."
        },
        {
            "Section Hierarchy": "Smart Features>Smart Hub>Displaying the Home Screen>Source",
            "Link": "https://www.manualslib.com/manual/1368844/Samsung-Smart-Remote.html?page=52#manual",
            "Question": "Can I select an external device connected to the TV?",
            "Answer": "You can select an external device connected to the TV. For more information, refer to 'Switching between external devices connected to the TV.'"
        },
        {
            "Section Hierarchy": "Smart Features>Smart Hub>Displaying the Home Screen>Search",
            "Link": "https://www.manualslib.com/manual/1368844/Samsung-Smart-Remote.html?page=52#manual",
            "Question": "Where do I find the option to search the apps in Smart Hub services?",
            "Answer": "You can search the apps or games in Smart Hub services. To use this feature, the TV must be connected to the Internet."
        },
        {
            "Section Hierarchy": "Smart Features>Smart Hub>Displaying the Home Screen>Apps",
            "Link": "https://www.manualslib.com/manual/1368844/Samsung-Smart-Remote.html?page=52#manual",
            "Question": "I want to use the feature of apps. How can I do that?",
            "Answer": "You can enjoy a wide range of content including news, sports, weather, and games by installing the corresponding apps on your TV. To use this feature, the TV must be connected to the Internet. For more information, refer to 'Using the APPS Service.'"
        },
        {
            "Section Hierarchy": "Smart Features>Smart Hub>Displaying the Home Screen>Ambient Mode",
            "Link": "https://www.manualslib.com/manual/1368844/Samsung-Smart-Remote.html?page=52#manual",
            "Question": "Can I turn TV in Ambient Mode?",
            "Answer": "In Ambient Mode, you can view beautiful screens, various visual information, and notifications. To enter Ambient Mode, press the button. To return to the TV mode, press the or button. To shut off the TV, press the button. If you press the button when the TV is turned off, the TV turns on in Ambient Mode. If you use a remote control other than the Samsung TV remote control, there may be restrictions to entering Ambient Mode. Because this function is a QLED TV-specific function, it may not be supported depending on the model. For more information about the Ambient Mode, refer to 'Using the Ambient Mode.'"
        },
    ]
}