{
    "All_Questions": [
        {
            "Section Hierarchy": "Smart Features>Playing pictures/video/music>Options",
            "Link": "https://www.manualslib.com/manual/1368844/Samsung-Smart-Remote.html?page=70#manual",
            "Question": "How to delete the recorded content?",
            "Answer": "Deletes or plays the selected media content in the media content list. When you select Refresh, the content list is reloaded. You can delete only the recorded content. To delete content, change the Filter By option to Recorded."
        },
        {
            "Section Hierarchy": "Smart Features>Playing pictures/video/music>Playing media content>Playing multimedia content on a PC or mobile device",
            "Link": "https://www.manualslib.com/manual/1368844/Samsung-Smart-Remote.html?page=71#manual",
            "Question": "How can I play multimedia content on my mobile?",
            "Answer": "Select a device with media content in Source. The media content list in the device appears. Select a media content item from the list. The content is played. For more information about buttons, refer to 'Buttons and functions available while playing multimedia content.' The content may not be played depending on the encoding method or file format. Furthermore, several functions may be restricted. Content on devices connected to the TV via your network may not play smoothly due to network communication problems. If this occurs, use a USB device. For more information about connecting to mobile devices, refer to 'Connecting Your Mobile Device.'"
        },
        {
            "Section Hierarchy": "Smart Features>Playing pictures/video/music>Playing media content>Playing multimedia content on a USB device",
            "Link": "https://www.manualslib.com/manual/1368844/Samsung-Smart-Remote.html?page=71#manual",
            "Question": "Can I play multimedia content on a USB device?",
            "Answer": "Connect a USB device to the USB port. When a pop up message appears on the screen, select Browse to easily move to the list of multimedia content stored on the device. Select a content item to play from the list. The content is played."
        },
        {
            "Section Hierarchy": "Smart Features>Read Before Using Bixby>Precautions for Bixby",
            "Link": "https://www.manualslib.com/manual/1368844/Samsung-Smart-Remote.html?page=74#manual",
            "Question": "What are the precautions for bixby?",
            "Answer": "The supported voice interaction languages and features may differ depending on the geographical area. If the language set differs from the language of your country, some features are not available. Bixby is available only when the TV is connected to the Internet. Even if the TV is connected to the Internet, there may be no response due to a Bixby server error. The existing functional specifications may be changed if Bixby is updated. Bixby is available only on TVs that support it and come with remote controls that have a microphone. Symbols including '-' and special characters are not supported. Consequently, if a word or sentence contains numeric values or symbols, the function may not operate properly. Searched results may not provide complete results. You may be required to pay for some apps. Consequently, you may encounter a service application or contract. To change the current channel by saying channel names as voice commands, you must finish Set Up Your Service Provider. If Set Up Your Service Provider is not completed, you can complete it using the following menu. Settings> General> Start Setup. To use the voice text input function and Smart Search function, you must consent to provisions allowing third parties to collect and use your voice data."
        },
        {
            "Section Hierarchy": "TV Viewing>Viewing Broadcast Information at a Glance>Using the guide",
            "Link": "https://www.manualslib.com/manual/1368844/Samsung-Smart-Remote.html?page=76#manual",
            "Question": "Please instruct how to record any program?",
            "Answer": "Live TV>Guide. The image on your TV may differ from the image above depending on the model and geographical area. In the Guide, you can see the daily program schedules for each broadcaster, see program information, choose a program to watch, and set up a scheduled viewing or recording. In the Guide, you can see only the TV programs scheduled after the current time. The Guide also appears when you press the CH button while watching TV. To see information about analog channels and use the analog channel functions of the Guide, you must finish the service provider settings in initial setup. To view the Guide, you must first set the TV's clock ( Settings>General>System Manager>Time>Clock). To start Scheduled viewing, Scheduled recording, and other function for a program listed in the Guide, first move the cursor to it and then press and hold Select button on the remote control to use follows functions: Record: You can make a recording of a current program. This function is not available in the U.S.A. and Canada. This function may not be supported depending on the model or geographical area."
        },
        {
            "Section Hierarchy": "TV Viewing>Viewing Broadcast Information at a Glance>Using the guide",
            "Link": "https://www.manualslib.com/manual/1368844/Samsung-Smart-Remote.html?page=76#manual",
            "Question": "Please provide some instructions on how to schedule program?",
            "Answer": "Live TV>Guide. The image on your TV may differ from the image above depending on the model and geographical area. In the Guide, you can see the daily program schedules for each broadcaster, see program information, choose a program to watch, and set up a scheduled viewing or recording. In the Guide, you can see only the TV programs scheduled after the current time. The Guide also appears when you press the CH button while watching TV. To see information about analog channels and use the analog channel functions of the Guide, you must finish the service provider settings in initial setup. To view the Guide, you must first set the TV's clock ( Settings>General>System Manager>Time>Clock). To start Scheduled viewing, Scheduled recording, and other function for a program listed in the Guide, first move the cursor to it and then press and hold Select button on the remote control to use follows functions: Schedule Viewing: You can schedule viewing of a broadcast scheduled program. For more information about watching or Schedule Viewing, refer to 'Setting Up a Schedule Viewing.'"
        },
        {
            "Section Hierarchy": "TV Viewing>Viewing Broadcast Information at a Glance>Using the guide",
            "Link": "https://www.manualslib.com/manual/1368844/Samsung-Smart-Remote.html?page=76#manual",
            "Question": "Can you please explain how to schedule recording?",
            "Answer": "Live TV>Guide. The image on your TV may differ from the image above depending on the model and geographical area. In the Guide, you can see the daily program schedules for each broadcaster, see program information, choose a program to watch, and set up a scheduled viewing or recording. In the Guide, you can see only the TV programs scheduled after the current time. The Guide also appears when you press the CH button while watching TV. To see information about analog channels and use the analog channel functions of the Guide, you must finish the service provider settings in initial setup. To view the Guide, you must first set the TV's clock ( Settings>General>System Manager>Time>Clock). To start Scheduled viewing, Scheduled recording, and other function for a program listed in the Guide, first move the cursor to it and then press and hold Select button on the remote control to use follows functions: Schedule Recording: You can schedule recording of a broadcast scheduled program. This function is not available in the U.S.A. and Canada. This function may not be supported depending on the model or geographical area. For more information about recording or Schedule Recording, refer to 'Recording Programs.'"
        },
        {
            "Section Hierarchy": "TV Viewing>Viewing Broadcast Information at a Glance>Using the guide",
            "Link": "https://www.manualslib.com/manual/1368844/Samsung-Smart-Remote.html?page=76#manual",
            "Question": "Please explain the procedure how to edit recording time?",
            "Answer": "Live TV>Guide. The image on your TV may differ from the image above depending on the model and geographical area. In the Guide, you can see the daily program schedules for each broadcaster, see program information, choose a program to watch, and set up a scheduled viewing or recording. In the Guide, you can see only the TV programs scheduled after the current time. The Guide also appears when you press the CH button while watching TV. To see information about analog channels and use the analog channel functions of the Guide, you must finish the service provider settings in initial setup. To view the Guide, you must first set the TV's clock ( Settings>General>System Manager>Time>Clock). To start Scheduled viewing, Scheduled recording, and other function for a program listed in the Guide, first move the cursor to it and then press and hold Select button on the remote control to use follows functions: Edit Recording Time: You can change the start and end times of scheduled program recordings. This function is not available in the U.S.A. and Canada. This function may not be supported depending on the model or geographical area."
        },
        {
            "Section Hierarchy": "TV Viewing>Viewing Broadcast Information at a Glance>Using the guide",
            "Link": "https://www.manualslib.com/manual/1368844/Samsung-Smart-Remote.html?page=76#manual",
            "Question": "Is there any way to stop the recording?",
            "Answer": "Live TV>Guide. The image on your TV may differ from the image above depending on the model and geographical area. In the Guide, you can see the daily program schedules for each broadcaster, see program information, choose a program to watch, and set up a scheduled viewing or recording. In the Guide, you can see only the TV programs scheduled after the current time. The Guide also appears when you press the CH button while watching TV. To see information about analog channels and use the analog channel functions of the Guide, you must finish the service provider settings in initial setup. To view the Guide, you must first set the TV's clock ( Settings>General>System Manager>Time>Clock). To start Scheduled viewing, Scheduled recording, and other function for a program listed in the Guide, first move the cursor to it and then press and hold Select button on the remote control to use follows functions: Stop: You can stop the recording function that is currently running."
        },
        {
            "Section Hierarchy": "TV Viewing>Viewing Broadcast Information at a Glance>Using the guide",
            "Link": "https://www.manualslib.com/manual/1368844/Samsung-Smart-Remote.html?page=76#manual",
            "Question": "Explain the procedure for cancelling Scheduled Viewing / Scheduled Recording?",
            "Answer": "Live TV>Guide. The image on your TV may differ from the image above depending on the model and geographical area. In the Guide, you can see the daily program schedules for each broadcaster, see program information, choose a program to watch, and set up a scheduled viewing or recording. In the Guide, you can see only the TV programs scheduled after the current time. The Guide also appears when you press the CH button while watching TV. To see information about analog channels and use the analog channel functions of the Guide, you must finish the service provider settings in initial setup. To view the Guide, you must first set the TV's clock ( Settings>General>System Manager>Time>Clock). To start Scheduled viewing, Scheduled recording, and other function for a program listed in the Guide, first move the cursor to it and then press and hold Select button on the remote control to use follows functions: Cancel Scheduled Viewing / Cancel Scheduled Recording: You can cancel scheduled viewings or recordings. This function may not be supported depending on the model or geographical area."
        },
        {
            "Section Hierarchy": "TV Viewing>Viewing Broadcast Information at a Glance>Using the guide",
            "Link": "https://www.manualslib.com/manual/1368844/Samsung-Smart-Remote.html?page=76#manual",
            "Question": "From where I can see program information?",
            "Answer": "Live TV>Guide. The image on your TV may differ from the image above depending on the model and geographical area. In the Guide, you can see the daily program schedules for each broadcaster, see program information, choose a program to watch, and set up a scheduled viewing or recording. In the Guide, you can see only the TV programs scheduled after the current time. The Guide also appears when you press the CH button while watching TV. To see information about analog channels and use the analog channel functions of the Guide, you must finish the service provider settings in initial setup. To view the Guide, you must first set the TV's clock ( Settings>General>System Manager>Time>Clock). To start Scheduled viewing, Scheduled recording, and other function for a program listed in the Guide, first move the cursor to it and then press and hold Select button on the remote control to use follows functions: View Details: You can see detailed information about the selected program. The information may differ with the broadcast signal. If information is not provided with the program, nothing appears."
        },
        {
            "Section Hierarchy": "TV Viewing>Viewing Broadcast Information at a Glance>Using the guide",
            "Link": "https://www.manualslib.com/manual/1368844/Samsung-Smart-Remote.html?page=76#manual",
            "Question": "How can I select channel filter option ?",
            "Answer": "Live TV>Guide. The image on your TV may differ from the image above depending on the model and geographical area. In the Guide, you can see the daily program schedules for each broadcaster, see program information, choose a program to watch, and set up a scheduled viewing or recording. In the Guide, you can see only the TV programs scheduled after the current time. The Guide also appears when you press the CH button while watching TV. To see information about analog channels and use the analog channel functions of the Guide, you must finish the service provider settings in initial setup. To view the Guide, you must first set the TV's clock ( Settings>General>System Manager>Time>Clock). To start Scheduled viewing, Scheduled recording, and other function for a program listed in the Guide, first move the cursor to it and then press and hold Select button on the remote control to use follows functions: To move to the Channel Filter or Antenna Type, Schedule Manager screen: Press the or button. Channel Filter: You can select a channel filter from a filter list to see a list of channels filtered accordingly."
        },
        {
            "Section Hierarchy": "TV Viewing>Viewing Broadcast Information at a Glance>Using the guide",
            "Link": "https://www.manualslib.com/manual/1368844/Samsung-Smart-Remote.html?page=76#manual",
            "Question": "How can I change Antenna type?",
            "Answer": "Live TV>Guide. The image on your TV may differ from the image above depending on the model and geographical area. In the Guide, you can see the daily program schedules for each broadcaster, see program information, choose a program to watch, and set up a scheduled viewing or recording. In the Guide, you can see only the TV programs scheduled after the current time. The Guide also appears when you press the CH button while watching TV. To see information about analog channels and use the analog channel functions of the Guide, you must finish the service provider settings in initial setup. To view the Guide, you must first set the TV's clock ( Settings>General>System Manager>Time>Clock). To start Scheduled viewing, Scheduled recording, and other function for a program listed in the Guide, first move the cursor to it and then press and hold Select button on the remote control to use follows functions: To move to the Channel Filter or Antenna Type, Schedule Manager screen: Press the or button. Antenna Type: You can change the type of broadcast signals to receive."
        },
        {
            "Section Hierarchy": "TV Viewing>Viewing Broadcast Information at a Glance>Using the guide",
            "Link": "https://www.manualslib.com/manual/1368844/Samsung-Smart-Remote.html?page=76#manual",
            "Question": "From where I can check Schedule Manager option?",
            "Answer": "Live TV>Guide. The image on your TV may differ from the image above depending on the model and geographical area. In the Guide, you can see the daily program schedules for each broadcaster, see program information, choose a program to watch, and set up a scheduled viewing or recording. In the Guide, you can see only the TV programs scheduled after the current time. The Guide also appears when you press the CH button while watching TV. To see information about analog channels and use the analog channel functions of the Guide, you must finish the service provider settings in initial setup. To view the Guide, you must first set the TV's clock ( Settings>General>System Manager>Time>Clock). To start Scheduled viewing, Scheduled recording, and other function for a program listed in the Guide, first move the cursor to it and then press and hold Select button on the remote control to use follows functions: To move to the Channel Filter or Antenna Type, Schedule Manager screen: Press the or button. Schedule Manager: You can see the Schedule Manager or Recording & Schedule Manager screen."
        },
        {
            "Section Hierarchy": "TV Viewing>Recording Programs>Using the instant and schedule recording options from the guide screen",
            "Link": "https://www.manualslib.com/manual/1368844/Samsung-Smart-Remote.html?page=77#manual",
            "Question": "How do I do instant recording from the guide screen?",
            "Answer": "Record a current or upcoming program using a USB device instead of a video recorder. Instant Recording. Select a live program from the Guide, press and hold the Select button, and then select Record from the popup menu to start recording immediately."
        },
        {
            "Section Hierarchy": "TV Viewing>Recording Programs>Using the instant and schedule recording options from the guide screen",
            "Link": "https://www.manualslib.com/manual/1368844/Samsung-Smart-Remote.html?page=77#manual",
            "Question": "Explain the steps how to do Schedule Recording from the guide screen?",
            "Answer": "Record a current or upcoming program using a USB device instead of a video recorder. Schedule Recording. Select a program scheduled to be broadcast, press the Select button, and then select Schedule Recording to set up a scheduled recording of the scheduled program."
        },
        {
            "Section Hierarchy": "TV Viewing>Recording Programs>Using the instant and schedule recording options while watching a program",
            "Link": "https://www.manualslib.com/manual/1368844/Samsung-Smart-Remote.html?page=77#manual",
            "Question": "Explain the steps how to do Schedule Recording while watching a program?",
            "Answer": "Record a current or upcoming program using a USB device instead of a video recorder. Instant Recording. If you select Record after pressing the or button while watching a broadcast, recording starts."
        },
        {
            "Section Hierarchy": "TV Viewing>Recording Programs>Using the instant and schedule recording options while watching a program",
            "Link": "https://www.manualslib.com/manual/1368844/Samsung-Smart-Remote.html?page=77#manual",
            "Question": "Explain the steps how to do Schedule Recording while watching a program?",
            "Answer": "Record a current or upcoming program using a USB device instead of a video recorder. Schedule Recording. Press the Select button while watching a program to display the program info window. Use the left or right directional button to select a scheduled program. Press the Select button, and then select Schedule Recording to set up a scheduled recording of the scheduled program."
        },
        {
            "Section Hierarchy": "TV Viewing>Recording Programs>Scheduling a video recording after entering the date and time",
            "Link": "https://www.manualslib.com/manual/1368844/Samsung-Smart-Remote.html?page=78#manual",
            "Question": "How can I schedule recording when the date and time are already entered?",
            "Answer": "Live TV>Recordings>Schedules>Add Recording. To schedule a recording, set the values for Antenna, Channel, Repeat, Date, Start Time, and End Time of the broadcast program to record, and then select Save. Check the current time in Settings>General>System Manager>Time Clock."
        },
        {
            "Section Hierarchy": "TV Viewing>Recording Programs>Managing the schedule recording list",
            "Link": "https://www.manualslib.com/manual/1368844/Samsung-Smart-Remote.html?page=78#manual",
            "Question": "How can I manage recording list?",
            "Answer": "Live TV>Recordings>Schedules. You can change scheduled recording information or cancel scheduled recordings. You can schedule up to 30 recordings or viewings at once using Schedule Recording and Schedule Viewing."
        },
        {
            "Section Hierarchy": "TV Viewing>Recording Programs>Managing the schedule recording list>Setting the Schedule Recording Time",
            "Link": "https://www.manualslib.com/manual/1368844/Samsung-Smart-Remote.html?page=78#manual",
            "Question": "How can I set start and end times for a schedule recording?",
            "Answer": "Live TV>Recordings>Schedules>Edit. You can set the start and end times for a schedule recording. You can set the start time up to 10 minutes before the program starts and the end time up to 10 minutes after the program ends"
        },
        {
            "Section Hierarchy": "TV Viewing>Recording Programs>Managing the schedule recording list>Canceling a schedule recording",
            "Link": "https://www.manualslib.com/manual/1368844/Samsung-Smart-Remote.html?page=78#manual",
            "Question": "How can I delete schedule recordings?",
            "Answer": "Live TV>Recordings>Schedules>Delete"
        },
        {
            "Section Hierarchy": "TV Viewing>Recording Programs>Managing the schedule recording list>Checking scheduled recordings",
            "Link": "https://www.manualslib.com/manual/1368844/Samsung-Smart-Remote.html?page=78#manual",
            "Question": "How can I view the details?",
            "Answer": "Live TV>Recordings>Schedules>View Details"
        },
        {
            "Section Hierarchy": "TV Viewing>Recording Programs>Viewing recorded programs",
            "Link": "https://www.manualslib.com/manual/1368844/Samsung-Smart-Remote.html?page=78#manual",
            "Question": "Where can I find the recording list?",
            "Answer": "Live TV>Recordings>Recordings. Select a file containing a recording from the list. The file is played back. Buttons that appear may differ depending on the file being played. For more information about control buttons, refer to 'Buttons and functions available while recording a program or Timeshift.'"
        },
        {
            "Section Hierarchy": "TV Viewing>Recording Programs>Setting up a schedule recording start",
            "Link": "https://www.manualslib.com/manual/1368844/Samsung-Smart-Remote.html?page=79#manual",
            "Question": "How can I start early recording?",
            "Answer": "Live TV>Recordings>Settings. Start Recording Early: You can set the time to start the recording earlier than the broadcast start time in the program guide."
        },
        {
            "Section Hierarchy": "TV Viewing>Recording Programs>Setting up a schedule recording start",
            "Link": "https://www.manualslib.com/manual/1368844/Samsung-Smart-Remote.html?page=79#manual",
            "Question": "How can I continue recording even after program ended?",
            "Answer": "Live TV>Recordings>Settings. Continue Recording After: You can set the time to end the recording later than the broadcast end time in the program guide."
        },
        {
            "Section Hierarchy": "TV Viewing>Setting Up a Schedule Viewing>Setting up a scheduled viewing for a channel>Using schedule viewing to view programs at a specified time on a specified date",
            "Link": "https://www.manualslib.com/manual/1368844/Samsung-Smart-Remote.html?page=79#manual",
            "Question": "How do I schedule a viewing at a specific time on a specific date?",
            "Answer": "(U.S.A and Canada) Live TV>Schedule Manager>Add Viewing. (Other countries) Live TV>Schedule Manager or Recordings>Schedules>Add Viewing. To schedule a viewing, set the values for Antenna, Channel, Repeat, Date and Start Time of the broadcast program to view, and then select Save. Check the current time in Settings>General>System Manager>Time>Clock. This function may not be supported depending on the model or geographical area."
        },
        {
            "Section Hierarchy": "TV Viewing>Setting Up a Schedule Viewing>Editing a scheduled viewing",
            "Link": "https://www.manualslib.com/manual/1368844/Samsung-Smart-Remote.html?page=80#manual",
            "Question": "How do I edit scheduled viewing?",
            "Answer": "(U.S.A and Canada) Live TV >Schedule Manager. (Other countries) Live TV>Schedule Manager or Recordings>Schedules. You can set up a maximum total of 30 Schedule Viewing and Schedule Recording entries."
        },
        {
            "Section Hierarchy": "TV Viewing>Setting Up a Schedule Viewing>Setting the Scheduled Viewing Time",
            "Link": "https://www.manualslib.com/manual/1368844/Samsung-Smart-Remote.html?page=80#manual",
            "Question": "How do I set scheduled viewing time?",
            "Answer": "(U.S.A and Canada) Live TV>Schedule Manager>Edit. (Other countries) Live TV>Schedule Manager or Recordings>Schedules>Edit. You can set the start time of a scheduled viewing. If you choose a program from the Guide, the Start Time can be set up to 10 minutes before the program."
        },
        {
            "Section Hierarchy": "TV Viewing>Setting Up a Schedule Viewing>Canceling a scheduled viewing",
            "Link": "https://www.manualslib.com/manual/1368844/Samsung-Smart-Remote.html?page=80#manual",
            "Question": "How to cancel sheduled viewing?",
            "Answer": "(U.S.A and Canada) Live TV>Schedule Manager>Delete. (Other countries) Live TV>Schedule Manager or Recordings>Schedules>Delete"
        },
        {
            "Section Hierarchy": "TV Viewing>Setting Up a Schedule Viewing>Checking scheduled viewings",
            "Link": "https://www.manualslib.com/manual/1368844/Samsung-Smart-Remote.html?page=80#manual",
            "Question": "How do I check scheduled viewings?",
            "Answer": "(U.S.A and Canada) Live TV>Schedule Manager>View Details. (Other countries) Live TV>Schedule Manager or Recordings>Schedules>View Details. "
        },
        {
            "Section Hierarchy": "TV Viewing>Using Timeshift",
            "Link": "https://www.manualslib.com/manual/1368844/Samsung-Smart-Remote.html?page=81#manual",
            "Question": "How to play, pause or rewind live TV?",
            "Answer": "Play, pause, or rewind live TV. You can pause and rewind live TV by using Timeshift. Activating this function disables the Broadcasting function. To activate the Timeshift function while watching TV, press the or button and then select Timeshift, or press the button. This function is not available in the U.S.A. and Canada. This function may not be supported depending on the model or geographical area. When the Timeshift function is running, some functions are not available in Settings>Broadcasting. To use Timeshift, you must connect a USB device for recording. Read all precautions before using the Timeshift function. For more information, refer to 'Before Using the Recording and Timeshift Functions.'"
        },
        {
            "Section Hierarchy": "TV Viewing>Buttons and functions available while recording a program or Timeshift",
            "Link": "https://www.manualslib.com/manual/1368844/Samsung-Smart-Remote.html?page=81#manual",
            "Question": "Is there any way to edit recording time ?",
            "Answer": "Review available buttons and functions of how they are used while recording a program or Timeshift. This function is not available in the U.S.A. and Canada. This function may not be supported depending on the model or geographical area. The available buttons and functions may differ with the functions. When you press the down directional button, the control bar appears and the following options are available: Edit Recording Time. You can set for what period of time the program will be recorded. This function is only available when a program is being recorded."
        },
        {
            "Section Hierarchy": "TV Viewing>Buttons and functions available while recording a program or Timeshift",
            "Link": "https://www.manualslib.com/manual/1368844/Samsung-Smart-Remote.html?page=82#manual",
            "Question": "How do I record using time Timeshift function?",
            "Answer": "Review available buttons and functions of how they are used while recording a program or Timeshift. This function is not available in the U.S.A. and Canada. This function may not be supported depending on the model or geographical area. The available buttons and functions may differ with the functions. When you press the down directional button, the control bar appears and the following options are available: Record. You can switch from the Timeshift function to the recording function. When switching to the recording function, you can include the content recorded by the Timeshift function in the new recording. This function is only available when the Timeshift function is running."
        },
        {
            "Section Hierarchy": "TV Viewing>Buttons and functions available while recording a program or Timeshift",
            "Link": "https://www.manualslib.com/manual/1368844/Samsung-Smart-Remote.html?page=82#manual",
            "Question": "How to go to the live TV?",
            "Answer": "Review available buttons and functions of how they are used while recording a program or Timeshift. This function is not available in the U.S.A. and Canada. This function may not be supported depending on the model or geographical area. The available buttons and functions may differ with the functions. When you press the down directional button, the control bar appears and the following options are available: Go to Live TV. Select to return to the current scenes of the program when the recording or Timeshift function is playing its past scenes."
        },
        {
            "Section Hierarchy": "TV Viewing>Buttons and functions available while recording a program or Timeshift",
            "Link": "https://www.manualslib.com/manual/1368844/Samsung-Smart-Remote.html?page=82#manual",
            "Question": "How do I Stop Recording / Stop Timeshift?",
            "Answer": "Review available buttons and functions of how they are used while recording a program or Timeshift. This function is not available in the U.S.A. and Canada. This function may not be supported depending on the model or geographical area. The available buttons and functions may differ with the functions. When you press the down directional button, the control bar appears and the following options are available: Stop Recording / Stop Timeshift. Ends the recording or Timeshift function."
        },
        {
            "Section Hierarchy": "TV Viewing>Buttons and functions available while recording a program or Timeshift",
            "Link": "https://www.manualslib.com/manual/1368844/Samsung-Smart-Remote.html?page=82#manual",
            "Question": "How do I get the information of recorded program?",
            "Answer": "Review available buttons and functions of how they are used while recording a program or Timeshift. This function is not available in the U.S.A. and Canada. This function may not be supported depending on the model or geographical area. The available buttons and functions may differ with the functions. When you press the down directional button, the control bar appears and the following options are available: Info. Displays the program info window of the program you are recording or time-shifting."
        },
        {
            "Section Hierarchy": "TV Viewing>Buttons and functions available while recording a program or Timeshift",
            "Link": "https://www.manualslib.com/manual/1368844/Samsung-Smart-Remote.html?page=82#manual",
            "Question": "How to do slow forward or slow rewind?",
            "Answer": "Review available buttons and functions of how they are used while recording a program or Timeshift. This function is not available in the U.S.A. and Canada. This function may not be supported depending on the model or geographical area. The available buttons and functions may differ with the functions. When you press the down directional button, the control bar appears and the following options are available: Pause / Play. You can use the following functions when the video is paused. (Note that with the video paused, the TV does not play audio). Slow Rewind or Slow Forward: Allows you to play the video slowly (1/8, 1/4, 1/2) backward or forward by selecting the or option. To increase the rewind or forward speed in slow mode up to 3 times, select the option repeatedly. To return to normal speed, select the option. When the Slow Rewind function is activated, you can view the difference between the current recording time and the current rewind time."
        },
        {
            "Section Hierarchy": "TV Viewing>Buttons and functions available while recording a program or Timeshift",
            "Link": "https://www.manualslib.com/manual/1368844/Samsung-Smart-Remote.html?page=82#manual",
            "Question": "How can I jump forward / jump backward?",
            "Answer": "Review available buttons and functions of how they are used while recording a program or Timeshift. This function is not available in the U.S.A. and Canada. This function may not be supported depending on the model or geographical area. The available buttons and functions may differ with the functions. When you press the down directional button, the control bar appears and the following options are available: Pause / Play. You can use the following functions when the video is paused. (Note that with the video paused, the TV does not play audio). Jump Backward / Jump Forward: Press the up directional button to move the focus to the playback control bar, and then select the left or right directional button in the playback control bar to move backward or forward by 10 seconds in the video. When the Jump Backward function is activated, you can view the difference between the current recording time and the current rewind time. "
        },
        {
            "Section Hierarchy": "TV Viewing>Buttons and functions available while recording a program or Timeshift",
            "Link": "https://www.manualslib.com/manual/1368844/Samsung-Smart-Remote.html?page=82#manual",
            "Question": "How can I do fast forward / Rewind?",
            "Answer": "Review available buttons and functions of how they are used while recording a program or Timeshift. This function is not available in the U.S.A. and Canada. This function may not be supported depending on the model or geographical area. The available buttons and functions may differ with the functions. When you press the down directional button, the control bar appears and the following options are available: Rewind / Fast Forward. This function is not available while you are watching a program that is currently being broadcast."
        },
        {
            "Section Hierarchy": "TV Viewing>Using the Channel List",
            "Link": "https://www.manualslib.com/manual/1368844/Samsung-Smart-Remote.html?page=83#manual",
            "Question": "Where do I get option to mark channel as favorite channel?",
            "Answer": "Change the channel or check programs on other digital channels. Live TV>Channel List. Using the Channel List, you can change the channel or check programs on other digital channels while watching TV. The Channel List screen contains the following icons:  A favorite channel"
        },
        {
            "Section Hierarchy": "TV Viewing>Using the Channel List",
            "Link": "https://www.manualslib.com/manual/1368844/Samsung-Smart-Remote.html?page=83#manual",
            "Question": "How do I lock a current channel?",
            "Answer": "Change the channel or check programs on other digital channels. Live TV>Channel List. Using the Channel List, you can change the channel or check programs on other digital channels while watching TV. The Channel List screen contains the following icons: A locked channel."
        },
        {
            "Section Hierarchy": "TV Viewing>Using the Channel List",
            "Link": "https://www.manualslib.com/manual/1368844/Samsung-Smart-Remote.html?page=83#manual",
            "Question": "How can I view the channels that are serached by auto program function?",
            "Answer": "Change the channel or check programs on other digital channels. Live TV>Channel List. Using the Channel List, you can change the channel or check programs on other digital channels while watching TV. If you press the right directional button when viewing the Channel List screen, you can use the following functions: All Channels. Displays the channels that the TV found during the Auto Program channel search."
        },
        {
            "Section Hierarchy": "TV Viewing>Using the Channel List",
            "Link": "https://www.manualslib.com/manual/1368844/Samsung-Smart-Remote.html?page=83#manual",
            "Question": "How can I view first five favorite channel?",
            "Answer": "Change the channel or check programs on other digital channels. Live TV>Channel List. Using the Channel List, you can change the channel or check programs on other digital channels while watching TV. If you press the right directional button when viewing the Channel List screen, you can use the following functions: Favorites. Displays Favorites 1 to Favorites 5."
        },
        {
            "Section Hierarchy": "TV Viewing>Using the Channel List",
            "Link": "https://www.manualslib.com/manual/1368844/Samsung-Smart-Remote.html?page=83#manual",
            "Question": "How to select Air or Cable as the DTV mode?",
            "Answer": "Change the channel or check programs on other digital channels. Live TV>Channel List. Using the Channel List, you can change the channel or check programs on other digital channels while watching TV. If you press the right directional button when viewing the Channel List screen, you can use the following functions: Air or Cable. To allow you to select Air or Cable as the DTV mode, move the focus to Air or Cable, and then press the Select button. Air is suitable for homes equipped with separate, over-the-air antennas. Cable is suitable for homes that subscribe to a local cable-service. You do not need to use this function if your TV is connected to a cable box or satellite box."
        },
        {
            "Section Hierarchy": "TV Viewing>Using the Channel List",
            "Link": "https://www.manualslib.com/manual/1368844/Samsung-Smart-Remote.html?page=83#manual",
            "Question": "What is the use of TV PLUS?",
            "Answer": "Change the channel or check programs on other digital channels. Live TV>Channel List. Using the Channel List, you can change the channel or check programs on other digital channels while watching TV. If you press the right directional button when viewing the Channel List screen, you can use the following functions: TV PLUS. While the TV is connected to the Internet, you can watch popular programs or highlights for each theme through a virtual channel at any time. As with regular channels, the TV provides the daily program schedules for TV PLUS. This function may not be supported depending on the model or geographical area."
        },
        {
            "Section Hierarchy": "TV Viewing>Editing channels",
            "Link": "https://www.manualslib.com/manual/1368844/Samsung-Smart-Remote.html?page=84#manual",
            "Question": "How do I edit channels?",
            "Answer": "Edit the channels stored on your TV. Live TV>Channel List>All Channels>Edit Channels. The Edit Channels screen contains the following icons: 1. A favorite channel. 2. A locked channel."
        },
        {
            "Section Hierarchy": "TV Viewing>Editing channels>Re-registering and deleting a channel>Removing registered channels",
            "Link": "https://www.manualslib.com/manual/1368844/Samsung-Smart-Remote.html?page=84#manual",
            "Question": "How do I delete registerd channels?",
            "Answer": "To remove a channel, select it from the Edit Channels screen, and then select Delete. Removed channels do not appear in the Channel List."
        },
        {
            "Section Hierarchy": "TV Viewing>Editing channels>Re-registering and deleting a channel>Adding back removed channels",
            "Link": "https://www.manualslib.com/manual/1368844/Samsung-Smart-Remote.html?page=84#manual",
            "Question": "How do I add removed channels again?",
            "Answer": "You can add back removed channels from the Edit Channels screen only. Removed channels are displayed in gray in the Edit Channels screen. To add back a removed channel, select it, and then select Restore."
        },
        {
            "Section Hierarchy": "TV Viewing>Editing channels>Changing a channel name",
            "Link": "https://www.manualslib.com/manual/1368844/Samsung-Smart-Remote.html?page=84#manual",
            "Question": "How to rename channel name ?",
            "Answer": "After selecting a channel to change in Edit Channels, select Rename Channel to change the channel name. This function is only available for selected channels. This function is available for analog channels only."
        },
        {
            "Section Hierarchy": "TV Viewing>Editing channels>Using Program Rating Lock",
            "Link": "https://www.manualslib.com/manual/1368844/Samsung-Smart-Remote.html?page=85#manual",
            "Question": "What is the steps to set lock on some particular channels?",
            "Answer": "Settings>Broadcasting>Program Rating Lock Settings. This function is useful for controlling what children watch on TV. Program Rating Lock Settings does not, however, block programs originating from external sources, such as Blu-ray players, DVD players, or USB files. Every time you access Program Rating Lock Settings, you must enter the security PIN. You must also enter this PIN to watch a blocked program. The default PIN is '0000'. To change the PIN, go to Settings>General>System Manager>Change PIN. Program Rating Lock Settings may not be supported depending on your input signal. For more information about how to set your password, refer to 'Setting up a password.' For more information about the rating system of different countries, refer to 'Blocking programs based on their TV Rating.'"
        },
        {
            "Section Hierarchy": "TV Viewing>Editing channels>Using Program Rating Lock>Watching blocked / restricted programs",
            "Link": "https://www.manualslib.com/manual/1368844/Samsung-Smart-Remote.html?page=85#manual",
            "Question": "How do I watch the blocked or restricted channels?",
            "Answer": "To watch a blocked program, enter the PIN when requested. When initially showing a restricted program or movie, the screen is blank because the Program Rating Lock Settings blocks it. Enter the PIN to unblock the program when a message appears requesting the code."
        },
        {
            "Section Hierarchy": "TV Viewing>Creating a Personal Favorites List>Registering channels as favorites",
            "Link": "https://www.manualslib.com/manual/1368844/Samsung-Smart-Remote.html?page=85#manual",
            "Question": "What are the steps to register channels as favorites?",
            "Answer": "Designate frequently watched channels as favorite channels.Favorite channels are highlighted in the Edit Channels and Channel List screens with the symbol. You can create up to five favorites lists so that your family members can create their own personal favorites list. Live TV>Channel List. 1. Press the right directional button on your remote control. 2. Select Favorites. 3. Select one of the five favorites lists. 4. Move to Edit Favorites. 5. Select a channel to add to the favorites list. 6. Select icon. The selected channel is registered in the favorites list. "
        },
        {
            "Section Hierarchy": "TV Viewing>Creating a Personal Favorites List>Viewing and selecting channels on Favorites lists only",
            "Link": "https://www.manualslib.com/manual/1368844/Samsung-Smart-Remote.html?page=86#manual",
            "Question": "How do I select and view channels from favorite list only ?",
            "Answer": "Designate frequently watched channels as favorite channels.Favorite channels are highlighted in the Edit Channels and Channel List screens with the symbol. You can create up to five favorites lists so that your family members can create their own personal favorites list. Live TV>Channel List. 1. Press the right directional button on your remote control. 2. Select Favorites. 3. Select the desired list among the five favorites lists on the screen. The channels in the selected favorites list appear. Only favorites lists that contain registered channels will display channels."
        },
        {
            "Section Hierarchy": "TV Viewing>Editing a Favorites List",
            "Link": "https://www.manualslib.com/manual/1368844/Samsung-Smart-Remote.html?page=86#manual",
            "Question": "How do I edit favorites list?",
            "Answer": "Edit a favorites channel list. Live TV>Channel List. After pressing the right directional button on your remote control, select Favorites>Favorites 1 - Favorites 5>Edit Favorites. The Edit Favorites screen appears."
        },
        {
            "Section Hierarchy": "TV Viewing>Editing a Favorites List>Adding channels to a favorites list",
            "Link": "https://www.manualslib.com/manual/1368844/Samsung-Smart-Remote.html?page=86#manual",
            "Question": "How to add channels to favorites list?",
            "Answer": "Select channels to add, and then select the icon. The selected channels are added to the favorites list."
        },
        {
            "Section Hierarchy": "TV Viewing>Editing a Favorites List>Removing channels from a favorites list",
            "Link": "https://www.manualslib.com/manual/1368844/Samsung-Smart-Remote.html?page=86#manual",
            "Question": "How to remove channels from favorites list?",
            "Answer": "Select channels in a favorites list, and then select the icon."
        },
        {
            "Section Hierarchy": "TV Viewing>Editing a Favorites List>Rearranging a favorites list",
            "Link": "https://www.manualslib.com/manual/1368844/Samsung-Smart-Remote.html?page=86#manual",
            "Question": "How do I rearrange my favorites list ?",
            "Answer": "Select one or more channels, and then select Change order. The Change order highlight appears. Press the up/down directional buttons to indicate the new location for the channels. Press the Select button to set the channels into their new location."
        },
        {
            "Section Hierarchy": "TV Viewing>Editing a Favorites List>Renaming a favorites list",
            "Link": "https://www.manualslib.com/manual/1368844/Samsung-Smart-Remote.html?page=86#manual",
            "Question": "How do I rename my favorites list?",
            "Answer": "Select the favorites list you want to rename, and then select Rename Favorites. Enter a new name using the on-screen keyboard that appears, and then select Done."
        },
        {
            "Section Hierarchy": "TV Viewing>TV-Viewing Support Functions>Changing the broadcast signal",
            "Link": "https://www.manualslib.com/manual/1368844/Samsung-Smart-Remote.html?page=87#manual",
            "Question": "How to change the broadcasting signal?",
            "Answer": "Live TV>Channel List. Press the right directional button on your remote control, move the focus to Air or Cable, and then press the Select button. You do not need to use this function if your TV is connected to a cable box or satellite box."
        },
        {
            "Section Hierarchy": "TV Viewing>TV-Viewing Support Functions>Scanning for available channels",
            "Link": "https://www.manualslib.com/manual/1368844/Samsung-Smart-Remote.html?page=87#manual",
            "Question": "How to scan for available channels?",
            "Answer": "Settings>Broadcasting>Auto Program. Do not use this function if your TV is connected to a cable box or satellite box. If the TV has saved channels, Auto Program deletes the existing list, and then saves the newly scanned channels."
        },
        {
            "Section Hierarchy": "TV Viewing>TV-Viewing Support Functions>Configuring advanced broadcasting audio settings",
            "Link": "https://www.manualslib.com/manual/1368844/Samsung-Smart-Remote.html?page=87#manual",
            "Question": "Hpw do I configure advanced broadcasting audio settings?",
            "Answer": "Settings>Broadcasting>Audio Options. Audio Options functions differently for analog and digital channels. This function may not be supported depending on the model or geographical area."
        },
        {
            "Section Hierarchy": "TV Viewing>TV-Viewing Support Functions>Configuring advanced broadcasting audio settings>Selecting a Language",
            "Link": "https://www.manualslib.com/manual/1368844/Samsung-Smart-Remote.html?page=87#manual",
            "Question": "How do I choose my preferred language?",
            "Answer": "Settings>Broadcasting>Audio Options>Preferred Language. This is the language you will hear while watching TV if the language is included in the broadcast signal."
        },
        {
            "Section Hierarchy": "TV Viewing>TV-Viewing Support Functions>Configuring advanced broadcasting audio settings>Listening to Multi-Track Sound",
            "Link": "https://www.manualslib.com/manual/1368844/Samsung-Smart-Remote.html?page=87#manual",
            "Question": "Where do I find Multi-Track sound option?",
            "Answer": "Settings>Broadcasting>Audio Options>Multi-Track Sound."
        },
        {
            "Section Hierarchy": "TV Viewing>TV-Viewing Support Functions>Checking digital channel signal info and strength",
            "Link": "https://www.manualslib.com/manual/1368844/Samsung-Smart-Remote.html?page=87#manual",
            "Question": "How do I check signal info and strength?",
            "Answer": "Settings>Support>Self Diagnosis>Signal Information. If your TV is attached to a separate, over-the-air antenna, you can use the signal strength information to adjust the antenna for increased signal strength and improved HD channel reception."
        },        
    ]
}