{
    "All_Questions": [
    	{
            "Section Hierarchy": "Quick Guides>Using Bixby>Running Bixby",
            "Link": "https://www.manualslib.com/manual/1368844/Samsung-Smart-Remote.html?page=14#manual",
            "Question": "Where can I view Bixby guide?",
            "Answer": "Press and hold the button on your Samsung Smart Remote, say a command, and then release the button. The TV recognizes the voice command. To view the Bixby guide, press the button once: When you press the button for the first time, the Using Bixby button appears at the bottom of the screen. Press the Select button. The Using Bixby popup window appears and a tutorial on using Bixby is shown. When you press the button after the first time, the Enter My Bixby button appears at the bottom of the screen. Press the Select button to go to the My Bixby screen."
        },
        {
            "Section Hierarchy": "Quick Guides>Using Bixby>Learning about My Bixby>Samsung Account",
            "Link": "https://www.manualslib.com/manual/1368844/Samsung-Smart-Remote.html?page=15#manual",
            "Question": "How to create new account?",
            "Answer": "Go to the Samsung Account screen to create a new account or sign out of your account. If you are signed out of your Samsung account, select Sign In or to log in."
        },
        {
            "Section Hierarchy": "Quick Guides>Using Bixby>Learning about My Bixby>Settings",
            "Link": "https://www.manualslib.com/manual/1368844/Samsung-Smart-Remote.html?page=15#manual",
            "Question": "Can I change the voice style of Bixby?",
            "Answer": "You can change the voice responses and the voice style of Bixby. You can also select a music service provider in the Default music service provider tab. The Default music service provider tab may not be supported depending on the model or geographical area."
        },
        {
            "Section Hierarchy": "Quick Guides>Using Bixby>Learning about My Bixby>User information and the experience points (XP) guide",
            "Link": "https://www.manualslib.com/manual/1368844/Samsung-Smart-Remote.html?page=15#manual",
            "Question": "Where can I find experience points (XP)?",
            "Answer": "You can see user information and the experience points (XP) that you can get from using Bixby. You must be signed in to your Samsung account to view the user information and the experience points (XP). This function may not be supported depending on the model or geographical area."
        },
        {
            "Section Hierarchy": "Quick Guides>Using Bixby>Learning about My Bixby>Bixby guide",
            "Link": "https://www.manualslib.com/manual/1368844/Samsung-Smart-Remote.html?page=15#manual",
            "Question": "What is the feature of Bixby guide?",
            "Answer": "You can learn the voice commands that let you use Bixby in various situations. Use the directional buttons to move to the desired command, and then press the Select button. You can operate the TV with various voice commands. To view a tutorial on Bixby, use the directional buttons to move to the bottom, and then select the View Tutorial item."
        },
        {
            "Section Hierarchy": "Quick Guides>Using Bixby>Read Before Using Bixby>Precautions for Bixby",
            "Link": "https://www.manualslib.com/manual/1368844/Samsung-Smart-Remote.html?page=16#manual",
            "Question": "How to change the current channel by saying channel names?",
            "Answer": "To change the current channel by saying channel names as voice commands, you must finish Set Up Your Service Provider. If Set Up Your Service Provider is not completed, you can complete it using the following menu. –– Settings General Start Setup Try Now "
        },
        {
            "Section Hierarchy": "Quick Guides>Using Bixby>Read Before Using Bixby>Precautions for Bixby",
            "Link": "https://www.manualslib.com/manual/1368844/Samsung-Smart-Remote.html?page=16#manual",
            "Question": "What all things must be required to use the Bixby function?",
            "Answer": "To use the Bixby function, you must: ––Agree to Smart Hub's Terms of Use ––Agree to a guidance regarding the collection and use of personal information for the Smart Hub service. ––Consent to the collection and use of personal information for the voice interaction-based service."
        },
        {
            "Section Hierarchy": "Quick Guides>Using Bixby>Read Before Using Bixby>Requirements for using Bixby",
            "Link": "https://www.manualslib.com/manual/1368844/Samsung-Smart-Remote.html?page=16#manual",
            "Question": "What are the requirements for using Bixby?",
            "Answer": "The voice interaction rate differs with the volume/tone, pronunciation, and ambient sound environment (TV sound and ambient noise). The optimal volume for voice commands is between 75 dB and 80 dB."
        },
        {
            "Section Hierarchy": "Quick Guides>Updating the TV’s Software",
            "Link": "https://www.manualslib.com/manual/1368844/Samsung-Smart-Remote.html?page=17#manual",
            "Question": "Where to view TV's software version?",
            "Answer": "View your TV's software version and update it if necessary. Settings Support Software Update Try Now"
        },
        {
            "Section Hierarchy": "Quick Guides>Updating the TV’s Software>Updating the TV’s software to the latest version>Updating through the Internet",
            "Link": "https://www.manualslib.com/manual/1368844/Samsung-Smart-Remote.html?page=17#manual",
            "Question": "How to update TV's software through internet?",
            "Answer": "Settings Support Software Update Update Now Try Now. Updating from the Internet requires an active Internet connection."
        },
        {
            "Section Hierarchy": "Quick Guides>Updating the TV’s Software>Updating the TV’s software to the latest version>Updating through a USB device",
            "Link": "https://www.manualslib.com/manual/1368844/Samsung-Smart-Remote.html?page=17#manual",
            "Question": "How to update TV's software through USB device?",
            "Answer": "Settings Support Software Update Update Now. After downloading the update file from the Samsung website and storing it on a USB device, connect the USB device to the TV to update. To update using a USB flash drive, download the update package from Samsung.com to your computer. Then, save the update package in the USB device's top-level folder. Otherwise, the TV will not be able to locate the update package."
        },
        {
            "Section Hierarchy": "Quick Guides>Updating the TV’s Software>Updating the TV automatically",
            "Link": "https://www.manualslib.com/manual/1368844/Samsung-Smart-Remote.html?page=17#manual",
            "Question": "How to update the TV automatically ?",
            "Answer": "Settings Support Software Update Auto Update Try Now. If the TV is connected to the Internet, you can have the TV's software update itself automatically while you are watching the TV. When the background update is completed, it is applied the next time the TV is turned on. If you agree to the Smart Hub terms and conditions, Auto Update is set to On automatically. If you want this function disabled, use the Select button to turn it off. This function may take a longer time if another network function is running concurrently. This function requires an Internet connection."
        },
        {
            "Section Hierarchy": "Quick Guides>Getting Support>Getting support through Remote Management",
            "Link": "https://www.manualslib.com/manual/1368844/Samsung-Smart-Remote.html?page=18#manual",
            "Question": "How to turn Remote Management on and off?",
            "Answer": "Settings Support Remote Management Try Now. After consenting to our service agreement, you can use Remote Management to access Remote Support and have a Samsung service technician diagnose your TV, correct problems, and update your TV's software, remotely, via the web. You can also turn Remote Management on and off. You can also start this function by pressing and holding the button for 5 or more seconds. This function requires an Internet connection."
        },
        {
            "Section Hierarchy": "Quick Guides>Getting Support>Getting support through Remote Management",
            "Link": "https://www.manualslib.com/manual/1368844/Samsung-Smart-Remote.html?page=18#manual",
            "Question": "What is Remote Support?",
            "Answer": "Samsung Remote Support service offers you one-on-one support with a Samsung Technician who can remotely: Diagnose your TV Adjust the TV settings for you Perform a factory reset on your TV Install recommended firmware updates"
        },
        {
            "Section Hierarchy": "Quick Guides>Getting Support>Getting support through Remote Management",
            "Link": "https://www.manualslib.com/manual/1368844/Samsung-Smart-Remote.html?page=18#manual",
            "Question": "How does Remote Support Work?",
            "Answer": "You can easily get Samsung Remote Support service for your TV: 1.Call the Samsung Contact Center and ask for remote support. 2.Open the menu on your TV and go to the Support section. ( Settings Support) 3.Select Remote Management, then read and agree to the service agreements. When the PIN screen appears, provide the PIN number to the agent. 4.The agent will then access your TV."
        },
        {
            "Section Hierarchy": "Quick Guides>Getting Support>Finding the contact information for service",
            "Link": "https://www.manualslib.com/manual/1368844/Samsung-Smart-Remote.html?page=19#manual",
            "Question": "Where can I find the call center phone number?",
            "Answer": "Settings Support About This TV Try Now. You can view the address of the Samsung website, the call center phone number, your TV's model number, your TV's software version, Open Source License and other information you may need to get service support from a Samsung call agent or the Samsung website. You can also view information by scanning the QR code of your TV. You can also start this function by pressing and holding the button for 5 or more seconds. For standard remote control, press and hold the button for 5 or more seconds."
        },
        {
            "Section Hierarchy": "Quick Guides>Getting Support>Requesting service",
            "Link": "https://www.manualslib.com/manual/1368844/Samsung-Smart-Remote.html?page=19#manual",
            "Question": "Can I request service I am having problem with the TV?",
            "Answer": "Settings Support Request Support Try Now. You can request service when you encounter a problem with the TV. Select the item matching the problem that you encountered, and then select Request Now or Schedule Appointment Send. Your service request will be registered. The Samsung Contact Center will contact you to set up or confirm your service appointment. You must agree to the terms and conditions for the service request. This function may not be supported depending on the geographical area. This function requires an Internet connection."
        },
        {
            "Section Hierarchy": "Connections>Connecting to the Internet>Connecting to your Internet network",
            "Link": "https://www.manualslib.com/manual/1368844/Samsung-Smart-Remote.html?page=21#manual",
            "Question": "How to connect to Internet network?",
            "Answer": "Settings General Network Open Network Settings Try Now. Connect to an available network."
        },
        {
            "Section Hierarchy": "Connections>Connecting to the Internet>Establishing a wired Internet connection",
            "Link": "https://www.manualslib.com/manual/1368844/Samsung-Smart-Remote.html?page=21#manual",
            "Question": "How to establishing a wired Internet connection?",
            "Answer": "Settings General Network Open Network Settings Wired. If you connect a LAN cable, the TV automatically accesses the Internet. Use a CAT 7 (*STP type) cable for the connection. * Shielded Twist Pair. The TV will not be able to connect to the Internet if your network speed is below 10 Mbps."
        },
        {
            "Section Hierarchy": "Connections>Connecting to the Internet>Establishing a wireless Internet connection",
            "Link": "https://www.manualslib.com/manual/1368844/Samsung-Smart-Remote.html?page=22#manual",
            "Question": "How to establish a wireless Internet connection?",
            "Answer": "Settings General Network Open Network Settings Wireless. Make sure that you have the wireless router's SSID (name) and password settings before attempting to connect, and then follow the directions on the screen. The image on your TV may differ from the image above depending on the model and geographical area. If no wireless router is found, select Add Network at the bottom of the list and enter the network name (SSID). If your wireless router has a WPS or PBC button, select Use WPS at the bottom of the list, and then push the WPS or PBC button on your router within 2 minutes. The TV will connect automatically."
        },
        {
            "Section Hierarchy": "Connections>Connecting to the Internet>Checking the Internet connection status",
            "Link": "https://www.manualslib.com/manual/1368844/Samsung-Smart-Remote.html?page=22#manual",
            "Question": "Can I check the Internet connection status?",
            "Answer": "Settings General Network Network Status Try Now. View the current network and Internet status."
        },
        {
            "Section Hierarchy": "Connections>Resetting Your Network",
            "Link": "https://www.manualslib.com/manual/1368844/Samsung-Smart-Remote.html?page=23#manual",
            "Question": "How to reset network?",
            "Answer": "Settings General Network Reset Network Try Now. Restore the network settings to the factory default."
        },
        {
            "Section Hierarchy": "Connections>Turning on the TV with a mobile device",
            "Link": "https://www.manualslib.com/manual/1368844/Samsung-Smart-Remote.html?page=23#manual",
            "Question": "Can I turn on the TV with a mobile device?",
            "Answer": "Settings General Network Expert Settings Power On with Mobile. You can turn on the TV with your mobile device when both of them are connected to the same network."
        },
        {
            "Section Hierarchy": "Connections>Connecting an IP control device to the TV",
            "Link": "https://www.manualslib.com/manual/1368844/Samsung-Smart-Remote.html?page=23#manual",
            "Question": "How to connect an IP control device to the TV?",
            "Answer": "Settings General Network Expert Settings IP Remote. You can connect an IP control device to the TV remotely to manage your IP device. To use this function, Power On with Mobile must be turned on. Turning this feature on may allow other IP control devices to control your TV. We recommend turning this feature on only if an authorized third-party custom controller is installed and configured specifically for a Samsung TV and if your Wi-Fi network is password protected. This function may not be supported depending on the model or geographical area."
        },
        {
            "Section Hierarchy": "Connections>Setting up an Internet connection over IPv6>Configuring the IPv6 connection settings",
            "Link": "https://www.manualslib.com/manual/1368844/Samsung-Smart-Remote.html?page=23#manual",
            "Question": "How to configure the IPv6 connection settings?",
            "Answer": "Settings General Network Expert Settings IPv6. This function may not be supported depending on the model or geographical area."
        },
        {
            "Section Hierarchy": "Connections>Setting up an Internet connection over IPv6>Checking the Internet connection set up over IPv6",
            "Link": "https://www.manualslib.com/manual/1368844/Samsung-Smart-Remote.html?page=23#manual",
            "Question": "How to check the Internet connection set up over IPv6?",
            "Answer": "Settings General Network Expert Settings IPv6 Status. This function may not be supported depending on the model or geographical area."
        },
        {
            "Section Hierarchy": "Connections>Changing the name of the TV on a network",
            "Link": "https://www.manualslib.com/manual/1368844/Samsung-Smart-Remote.html?page=23#manual",
            "Question": "Can I changing the name of the TV on a network?",
            "Answer": "Settings General System Manager Device Name Try Now. You can change the name of the TV on the network. Select User Input at the bottom of the list and change the name."
        },
        {
            "Section Hierarchy": "Connections>Troubleshooting Internet Connectivity Issues>Wireless network connection failed",
            "Link": "https://www.manualslib.com/manual/1368844/Samsung-Smart-Remote.html?page=24#manual",
            "Question": "What to do if wireless router is not found?",
            "Answer": "If a selected wireless router is not found, go to Open Network Settings, and then select the correct router. Settings General Network Open Network Settings. Unable to connect to a wireless router. 1.Check if the router is turned on. If it is, turn it off and then on. 2.Enter the correct password if required."
        },
        {
            "Section Hierarchy": "Connections>Troubleshooting Internet Connectivity Issues>IP auto setting failed",
            "Link": "https://www.manualslib.com/manual/1368844/Samsung-Smart-Remote.html?page=25#manual",
            "Question": "My IP auto setting failed. How to configure it?",
            "Answer": "1.Configure the settings in IP Settings. –– Settings General Network Network Status IP Settings. 2.Make sure that the DHCP server is enabled on the router, and then unplug the router and plug it back in. 3.Reset the router if required. ––For wireless connection, enter the correct password if required."
        },
        {
            "Section Hierarchy": "Connections>Troubleshooting Internet Connectivity Issues>Unable to connect to the network",
            "Link": "https://www.manualslib.com/manual/1368844/Samsung-Smart-Remote.html?page=25#manual",
            "Question": "I am unable to connect to the network. How to resolve?",
            "Answer": "1.Check all IP Settings. Settings General Network Network Status IP Settings. 2.After checking the DHCP server status (must be active) on the router, remove the LAN cable, and then connect it again. ––For wireless connection, enter the correct password if required."
        },
        {
            "Section Hierarchy": "Connections>Troubleshooting Internet Connectivity Issues>Connected to a local network, but not to the Internet",
            "Link": "https://www.manualslib.com/manual/1368844/Samsung-Smart-Remote.html?page=25#manual",
            "Question": "How to check the DNS values in IP Settings?",
            "Answer": "1.Make sure that the Internet LAN cable is connected to the router's external LAN port. 2.Check the DNS values in IP Settings. Settings General Network Network Status IP Settings."
        },
        {
            "Section Hierarchy": "Connections>Connecting with a component cable (Only for models with COMPONENT IN / AV IN)",
            "Link": "https://www.manualslib.com/manual/1368844/Samsung-Smart-Remote.html?page=27#manual",
            "Question": "Can you explain connecting with a component cable?",
            "Answer": "A Component connection lets you enjoy video resolutions up to 1080p. To watch video from most DVD and Blu-ray players, use the Component connection. Review the illustration below, and then connect Component IN and AV IN on the TV to Component OUT on the external device by using the provided component and AV adaptors. Make sure to connect the same color connectors together. (blue to blue, yellow to yellow, etc.) To use component equipment, connect both the component adapter (blue) and the AV adapter (yellow)."
        },
        {
            "Section Hierarchy": "Connections>Connecting with a composite cable (Only for models with COMPONENT IN / AV IN)",
            "Link": "https://www.manualslib.com/manual/1368844/Samsung-Smart-Remote.html?page=28#manual",
            "Question": "How to connect with a composite cable?",
            "Answer": "Through the AV connection, you can enjoy video resolution up to 480i. Review the illustration below, and then connect AV IN on the TV to AV OUT on the external device using the provided AV adapter and composite cable. When connecting the cables, be sure to match the colors of the cables to the colors of the ports. Connect AV (composite) equipment to AV In only. Do not connect to Component In."
        },
        {
            "Section Hierarchy": "Connections>Audio Input and Output Connections>Connecting Bluetooth Devices",
            "Link": "https://www.manualslib.com/manual/1368844/Samsung-Smart-Remote.html?page=30#manual",
            "Question": "How to how to connect and use external speakers?",
            "Answer": "For more information about how to connect and use external speakers, refer to the Connection Guide ( Source Connection Guide Audio Device Bluetooth) and to the speakers' user manuals. This function may not be supported depending on the model or geographical area."
        },
        {
            "Section Hierarchy": "Connections>Connecting Your Mobile Device",
            "Link": "https://www.manualslib.com/manual/1368844/Samsung-Smart-Remote.html?page=31#manual",
            "Question": "How can I connect my mobile device to the TV?",
            "Answer": "Connect your mobile device to the TV on the same network to control the TV with the mobile device or enjoy the content of the mobile device on the TV. Use the SmartThings app on your mobile device to quickly and easily connect to the TV and control its main settings. In addition, you can remotely check and control the statuses of various devices such as Samsung smart devices, home appliances, and speakers registered to the server. Make sure that your TV supports SmartThings. You can check this with the Supported Device menu in the SmartThings app. To use the SmartThings app, you must be signed in to your Samsung account on the TV. This function may not be supported depending on the TV model or mobile device. The supported functions may differ depending on the version of the SmartThings app. You can install the SmartThings app from App Store or Google Play Store."
        },
        {
            "Section Hierarchy": "Connections>Connecting Your Mobile Device>Connecting to the TV via the SmartThings app",
            "Link": "https://www.manualslib.com/manual/1368844/Samsung-Smart-Remote.html?page=31#manual",
            "Question": "How to connect to the TV via the SmartThings app?",
            "Answer": "1.Turn on the TV. 2.Start the SmartThings app on your mobile device. 3.Tap Add Device on the dashboard of the SmartThings app. Connectable TVs are searched for. 4.From the search results, select the model of your TV. 5.Enter the PIN number displayed on the TV screen. Once the TV is registered with your Samsung account, you can use the SmartThings app to control the TV. If your TV is not found on your mobile device, turn both of them off and on, and then try again. If you have more than one TV, you can easily select the TV you want by setting different TV names at Settings General System Manager Device Name."
        },
        {
            "Section Hierarchy": "Connections>Connecting Your Mobile Device>Bidirectionally mirroring your TV and mobile device using the SmartThings app",
            "Link": "https://www.manualslib.com/manual/1368844/Samsung-Smart-Remote.html?page=32#manual",
            "Question": "What is Bidirectional mirroring?",
            "Answer": "Bidirectional mirroring refers to either outputting the screen and sound of a mobile device on a TV or outputting the screen and sound of a TV on a mobile device. You can use the SmartThings app to enjoy the screen and sound of the TV on your mobile device or to play the screen and sound of your mobile device on the TV. Start the SmartThings app on your mobile device. Tap your TV from the dashboard or device. Tap (More Option) on the screen of the mobile device. You can use the following functions: ●You can enjoy the screen of the mobile device on your TV. After you connect a mobile device that supports screen mirroring to your TV, you can use screen mirroring to view the screen of the mobile device on your TV wirelessly and play the video, audio, or photo files currently playing on the mobile device on your TV. ●You can enjoy TV screen and sound on your mobile device. ●You can only listen to the TV sound on your mobile device. This function may not be supported depending on the TV model or mobile device. The supported functions may differ depending on the version of the SmartThings app. If your TV is not found on your mobile device, turn both of them off and on, and then try again. If you have multiple TVs, assign a different name to each TV in Settings General System Manager Device Name to make selection easy."
        },
        {
            "Section Hierarchy": "Connections>Connecting Your Mobile Device>Managing Mobile Devices",
            "Link": "https://www.manualslib.com/manual/1368844/Samsung-Smart-Remote.html?page=33#manual",
            "Question": "What is access notification?",
            "Answer": "Settings General External Device Manager Device Connect Manager Try Now. ● Access Notification Set whether to display a notification when a mobile device attempts to connect to the TV. "
        },
         {
            "Section Hierarchy": "Connections>Connecting Your Mobile Device>Managing Mobile Devices",
            "Link": "https://www.manualslib.com/manual/1368844/Samsung-Smart-Remote.html?page=33#manual",
            "Question": "Can I view a list of mobile devices registered to the TV?",
            "Answer": "Settings General External Device Manager Device Connect Manager Try Now. ●Device List View, edit, or remove a list of mobile devices registered to the TV."
        },
        {
            "Section Hierarchy": "Connections>Switching between external devices connected to the TV>Changing the input signal",
            "Link": "https://www.manualslib.com/manual/1368844/Samsung-Smart-Remote.html?page=33#manual",
            "Question": "How to change the input signal?",
            "Answer": "When you select a connected external device on the Source screen, the output of the selected device is displayed on the TV's screen. To control a device (Blu-ray player, game console, etc.) that supports universal remote control with the TV's remote, connect the device to an HDMI port on the TV, and then turn on the device. You can switch to the output of the device automatically or you can configure universal remote control for the device automatically. To configure the device for universal remote control automatically, point the TV's remote control at the device. When a USB device is connected to the USB port, a pop-up message appears that lets you switch easily to the media content listed on the device. This function may not be supported depending on the device and geographical area."
        },
        {
            "Section Hierarchy": "Connections>Switching between external devices connected to the TV>Using additional functions",
            "Link": "https://www.manualslib.com/manual/1368844/Samsung-Smart-Remote.html?page=35#manual",
            "Question": "What is connection guide?",
            "Answer": "You can use the following features on the Source screen. Connection Guide: Displays device connection instructions."
        },
        {
            "Section Hierarchy": "Connections>Switching between external devices connected to the TV>Using additional functions",
            "Link": "https://www.manualslib.com/manual/1368844/Samsung-Smart-Remote.html?page=35#manual",
            "Question": "What is Universal remote?",
            "Answer": "You can use the following features on the Source screen. Universal Remote: Lets you register external devices to your Samsung Smart Remote and control them using the Remote. This function may not be supported depending on the model or geographical area. For more information, refer to 'Controlling External Devices with the Samsung Smart Remote - Using the Universal Remote.'"
        },
        {
            "Section Hierarchy": "Connections>Connection Notes>Connection notes for HDMI",
            "Link": "https://www.manualslib.com/manual/1368844/Samsung-Smart-Remote.html?page=35#manual",
            "Question": "What are the connection notes for HDMI?",
            "Answer": "The following types of HDMI cables are recommended: High-Speed HDMI Cable .High-Speed HDMI Cable with Ethernet. Use an HDMI cable with a thickness of 0.66 inches (17 mm) or less. Using a non-certified HDMI cable may result in a blank screen or a connection error. Some HDMI cables and devices may not be compatible with the TV due to different HDMI specifications. This TV does not support HDMI Ethernet Channel. Ethernet is a Local Area Network (LAN) built with coaxial cables standardized by the IEEE. Use a cable shorter than 10 feet (3 m) to get the best UHD viewing quality. Many computer graphics adaptors do not have HDMI ports, but have DVI ports instead. If your PC does not support HDMI video out, connect your PC with an HDMI-DVI cable.For One Connect supported models, when the TV is connected to other equipment such as a DVD/BD player or a set-top-box via HDMI, network standby mode will be automatically activated. In the network standby mode, the TV continues to detect and connect HDMI devices. This function can be deactivated by pressing the following buttons on the remote control: On the Samsung Smart Remote: Select VOL button. (up directional button) (left directional button) (up directional button) (down directional button) Select VOL button. . On the standard remote control: Select button. (up directional button) (left directional button) (up directional button) (down directional button) Select button. Select RETURN button. If the function is deactivated and TV is turned off, the function is automatically activated again when the TV is next switched on."
        },
        {
            "Section Hierarchy": "Connections>Connection Notes>Connection notes for audio devices",
            "Link": "https://www.manualslib.com/manual/1368844/Samsung-Smart-Remote.html?page=36#manual",
            "Question": "What are the connection notes for audio devices?",
            "Answer": "For better audio quality, it is a good idea to use an AV receiver. If you connect an external audio device using an optical cable, the Sound Output setting is automatically changed to the connected device. However, to make this happen, you must turn on the external audio device before connecting the optical cable. To manually change the Sound Output setting, do one of the following: Use the Quick Settings screen to change to the connected device: Use the Select button to select Audio Out/Optical on the Sound Output menu. ( Settings up directional button Sound Output). Use the Settings screen to change to the connected device: Select Audio Out/Optical on the Sound Output menu. ( Settings Sound Sound Output). An unusual noise coming from a connected audio device while you are using it may indicate a problem with the audio device itself. If this occurs, ask for assistance from the audio device's manufacturer. Digital audio is only available with 5.1 channel broadcasts."
        },
        {
            "Section Hierarchy": "Connections>Connection Notes>Connection notes for computers",
            "Link": "https://www.manualslib.com/manual/1368844/Samsung-Smart-Remote.html?page=37#manual",
            "Question": "Can you explain the connection notes for computers?",
            "Answer": "For the resolutions supported by the TV, refer to 'Read Before Connecting a Computer (Supported Resolutions).' As long as file sharing is activated, unauthorized access may occur. When you do not need to access data, disable file sharing. If you want to connect your PC and TV wirelessly, both of them must be connected to each other on the same network. When sharing content with other network-based devices such as those in an IP (Internet Protocol) storage system, sharing may not be supported due to the network’s configuration, quality, or functionality, for example, if the network has an NAS (Network-Attached Storage) device."
        },
        {
            "Section Hierarchy": "Connections>Connection Notes>Connection notes for mobile devices",
            "Link": "https://www.manualslib.com/manual/1368844/Samsung-Smart-Remote.html?page=37#manual",
            "Question": "What are the connection notes for mobile devices?",
            "Answer": "To use the Smart View function, the mobile device must support a mirroring function such as Screen Mirroring or Smart View. To check whether your mobile device supports the mirroring function, please visit the mobile device manufacturer's website. To use Wi-Fi Direct, the mobile device must support the Wi-Fi Direct function. Please check if your mobile device supports Wi-Fi Direct. The mobile device and your Smart TV must be connected to each other on the same network. The video or audio may stop intermittently, depending on network conditions. When sharing content with other network-based devices such as those in an IP (Internet Protocol) storage system, sharing may not be supported due to the network’s configuration, quality, or functionality, for example, if the network has an NAS (Network-Attached Storage) device."
        },
        {
            "Section Hierarchy": "Remote Control and Peripherals>Connecting to the Samsung Smart Remote",
            "Link": "https://www.manualslib.com/manual/1368844/Samsung-Smart-Remote.html?page=42#manual",
            "Question": "How to pair the TV with the Samsung Smart Remote?",
            "Answer": "When you turn on the TV for the first time, the Samsung Smart Remote pairs to the TV automatically. If the Samsung Smart Remote does not pair to the TV automatically, point it at the remote control sensor of the TV, and then press and hold the and buttons simultaneously for 3 seconds or more. The Samsung Smart Remote may not be supported depending on the model or geographical area."
        },
        {
            "Section Hierarchy": "Remote Control and Peripherals>Controlling the TV with a Keyboard or Mouse>Connecting a Bluetooth keyboard or mouse",
            "Link": "https://www.manualslib.com/manual/1368844/Samsung-Smart-Remote.html?page=45#manual",
            "Question": "Can I connect a Bluetooth keyboard or mouse?",
            "Answer": "Settings General External Device Manager Input Device Manager Bluetooth Device List. This function may not be supported depending on the model or geographical area. If your device was not detected, position the keyboard close to the TV, and then select Refresh. The TV scans for available devices again. If you connect a mouse, it is available only in the Internet app."
        },
        {
            "Section Hierarchy": "Smart Features>Displaying the Home Screen",
            "Link": "https://www.manualslib.com/manual/1368844/Samsung-Smart-Remote.html?page=50#manual",
            "Question": "How to delete the notifications?",
            "Answer": "Press the button. The image on your TV may differ from the image above depending on the model and geographical area. On the Home Screen, you can easily run the apps you have used previously or frequently. The apps can also be moved or deleted from the screen. You can view a list of notifications for all events that occur on your TV. A notification appears on the screen when it is time to view a scheduled program or when an event occurs on a registered device. If you move the focus to Notification, and then press the Select button, a notification window appears on the right and the following functions are available: Delete All You can delete all your notifications."
        },
        {
            "Section Hierarchy": "Smart Features>Displaying the Home Screen",
            "Link": "https://www.manualslib.com/manual/1368844/Samsung-Smart-Remote.html?page=50#manual",
            "Question": "Where can I select the services which I want to be notified?",
            "Answer": "Press the button. The image on your TV may differ from the image above depending on the model and geographical area. On the Home Screen, you can easily run the apps you have used previously or frequently. The apps can also be moved or deleted from the screen. You can view a list of notifications for all events that occur on your TV. A notification appears on the screen when it is time to view a scheduled program or when an event occurs on a registered device. If you move the focus to Notification, and then press the Select button, a notification window appears on the right and the following functions are available: Settings You can select services you want to be notified about. When you select Allow sound, notifications are displayed with a notification sound."
        },
        {
            "Section Hierarchy": "System and Support>Using Other Functions>Running the accessibility functions",
            "Link": "https://www.manualslib.com/manual/1368844/Samsung-Smart-Remote.html?page=101#manual",
            "Question": "Where do I find accessibility functions?",
            "Answer": "Settings>General>Accessibility"
        },
        {
            "Section Hierarchy": "System and Support>Using Other Functions>Running Accessibility Shortcuts",
            "Link": "https://www.manualslib.com/manual/1368844/Samsung-Smart-Remote.html?page=101#manual",
            "Question": "What is the use of accessibility shortcuts?",
            "Answer": "The Accessibility Shortcuts provide easy access to the accessibility functions. To display the Accessibility Shortcuts, press and hold the Volume button for 1 second or more. You can easily turn on or turn off the functions such as Voice Guide, Video Description, High Contrast, Enlarge, Grayscale, Color Inversion, Learn TV Remote, Learn Menu Screen, Caption, Multi-output Audio, etc. On the standard remote control, press the CC/VD button. Even if the Voice Guide is set to Off or muted, the voice guide for Accessibility Shortcuts is enabled. The menus may not appear depending on the model or geographical area."
        },
        {
            "Section Hierarchy": "System and Support>Using Other Functions>Enabling voice guides for the visually impaired",
            "Link": "https://www.manualslib.com/manual/1368844/Samsung-Smart-Remote.html?page=101#manual",
            "Question": "How do I activate Voice Guide?",
            "Answer": "Settings>General>Accessibility>Voice Guide Settings. You can activate voice guides that describe the menu options aloud to aid the visually impaired. To activate this function, set Voice Guide to On. With Voice Guide on, the TV provides voice guides for channel change, volume adjust, information on current and upcoming programs, schedule viewing, other TV functions, and various content in the Internet, and in Search. You can go to Voice Guide, and then press the Select button to turn the function on or off. The Voice Guide is provided in the language that is specified on the Language screen. However, some languages are not supported by Voice Guide even though they are listed in the Language screen. English is always supported. For more information about the TV language settings, refer to 'Changing the menu language.'"
        },
        {
            "Section Hierarchy": "System and Support>Using Other Functions>Enabling audio for the video description function",
            "Link": "https://www.manualslib.com/manual/1368844/Samsung-Smart-Remote.html?page=101#manual",
            "Question": "How do I enable audio for video description function?",
            "Answer": "Settings>General>Accessibility>Video Description. You can activate an audio guide that provides an audio description of video scenes for the visually impaired. This function is only available with broadcasts that provide this service."
        },
        {
            "Section Hierarchy": "System and Support>Using Other Functions>White text on black background (high contrast)",
            "Link": "https://www.manualslib.com/manual/1368844/Samsung-Smart-Remote.html?page=102#manual",
            "Question": "How do I enable High Contrast?",
            "Answer": "Settings>General>Accessibility>High Contrast. You can change Smart Hub and setting menu screens to white text on a black background or change the transparent TV menus to opaque so that text can be more easily read. To activate this function, set High Contrast to On. If High Contrast is on, some Accessibility menus are not available."
        },
        {
            "Section Hierarchy": "System and Support>Using Other Functions>Setting the screen to black and white",
            "Link": "https://www.manualslib.com/manual/1368844/Samsung-Smart-Remote.html?page=102#manual",
            "Question": "How do I change TV screen to Grayscale mode?",
            "Answer": "Settings>General>Accessibility>Grayscale. You can change the color of the TV screen to black and white to sharpen blurred edges caused by colors. If Grayscale is on, some Accessibility menus are not available. This function may not be supported depending on the model or geographical area."
        },
        {
            "Section Hierarchy": "System and Support>Using Other Functions>Inverting the screen color",
            "Link": "https://www.manualslib.com/manual/1368844/Samsung-Smart-Remote.html?page=102#manual",
            "Question": "How do I invert the screen colors?",
            "Answer": "Settings>General>Accessibility>Color Inversion. You can invert the colors of the text and background displayed on the TV screen to make it easier to read them. If Color Inversion is on, some Accessibility menus are not available. This function may not be supported depending on the model or geographical area."
        },
        {
            "Section Hierarchy": "System and Support>Using Other Functions>Enlarging the font (for the visually impaired)",
            "Link": "https://www.manualslib.com/manual/1368844/Samsung-Smart-Remote.html?page=102#manual",
            "Question": "How do I increase the font size?",
            "Answer": "Settings General Accessibility Learn TV RemoteEnlarge. You can enlarge the size of the font on the screen. To activate, set Enlarge to On."
        },
        {
            "Section Hierarchy": "System and Support>Using Other Functions>Learning about the remote control (for the visually impaired)",
            "Link": "https://www.manualslib.com/manual/1368844/Samsung-Smart-Remote.html?page=102#manual",
            "Question": "What is the function of 'Learn TV Remote'?",
            "Answer": "Settings>General>Accessibility>Learn TV Remote. This function helps individuals with a visual impairment to learn the positions of the buttons on the remote control. When this function is activated, you can press a button on the remote control and the TV will tell you its name. To return to the previous screen, press the button twice. To exit, press and hold the button. This function is only available in the U.S.A. and Canada. This function is only available when Voice Guide is enabled."
        },
        {
            "Section Hierarchy": "System and Support>Using Other Functions>Learning about the TV menu",
            "Link": "https://www.manualslib.com/manual/1368844/Samsung-Smart-Remote.html?page=103#manual",
            "Question": "What is the function of 'Learn Menu Screen'?",
            "Answer": "Settings>General>Accessibility>Learn Menu Screen. Learn the menus on the TV screen. Once enabled, your TV will tell you the structure and features of the menus you select. This function is only available when Voice Guide is enabled."
        },
        {
            "Section Hierarchy": "System and Support>Using Other Functions>Showing captions",
            "Link": "https://www.manualslib.com/manual/1368844/Samsung-Smart-Remote.html?page=103#manual",
            "Question": "Where do I find Caption Settings?",
            "Answer": "Settings>General>Accessibility>Caption Settings. Set Caption to On to watch programs with the captions displayed. Captions are not displayed by programs that do not support captions. The TV cannot control or modify DVD or Blu-ray subtitles. To control DVD or Blu-ray subtitles, use the sub-title feature of the DVD or Blu-ray player and the player's remote control."
        },
        {
            "Section Hierarchy": "System and Support>Using Other Functions>Showing captions>Selecting the caption language",
            "Link": "https://www.manualslib.com/manual/1368844/Samsung-Smart-Remote.html?page=103#manual",
            "Question": "How to select the caption language?",
            "Answer": "Settings>General>Accessibility>Caption Settings>Caption Mode. Default / CC1 ~ CC4 / Text1 ~ Text4. (Analog channels only) Operates in either analog TV channel mode or when a signal is supplied from an external device to the TV. (Depending on the broadcast signal, the analog caption function may or may not work with digital channels.) Default / Service1 ~ Service6 / CC1 ~ CC4 / Text1 ~ Text4. (Digital channels only) Works with digital channels. Service1 – Service6 may not be available in digital caption mode depending on the broadcast "
        },
        {
            "Section Hierarchy": "System and Support>Using Other Functions>Showing captions>Setting the digital caption related options",
            "Link": "https://www.manualslib.com/manual/1368844/Samsung-Smart-Remote.html?page=103#manual",
            "Question": "What is the function of Digital Caption?",
            "Answer": "Settings>General>Accessibility>Caption Settings>Digital Caption Options. You can change the font color, background color, and size settings, etc. The foreground and background colors and opacity settings cannot be the same."
        },
        {
            "Section Hierarchy": "System and Support>Using Other Functions>Listening to the TV through Bluetooth devices (for the hearing impaired)",
            "Link": "https://www.manualslib.com/manual/1368844/Samsung-Smart-Remote.html?page=104#manual",
            "Question": "How do I listen to the TV through Bluetooth devices?",
            "Answer": "Settings>General>Accessibility>Multi-output Audio. You can turn on both the TV speaker and Bluetooth devices at the same time. When this function is active, you can set the volume of the Bluetooth devices higher than the volume of the TV speaker. This function may not be supported depending on the model or geographical area. When you connect Bluetooth devices to the TV, Multi-output Audio is activated. For more information about connecting Bluetooth devices to the TV, refer to 'Listening to the TV through Bluetooth devices.'"
        },
        {
            "Section Hierarchy": "System and Support>Using Other Functions>Configuring advanced system settings>Changing the menu language",
            "Link": "https://www.manualslib.com/manual/1368844/Samsung-Smart-Remote.html?page=104#manual",
            "Question": "How do I change the menu language option?",
            "Answer": "Settings>General>System Manager>Language"
        },
        {
            "Section Hierarchy": "System and Support>Using Other Functions>Configuring advanced system settings>Setting up a password",
            "Link": "https://www.manualslib.com/manual/1368844/Samsung-Smart-Remote.html?page=104#manual",
            "Question": "What are the steps to change the PIN?",
            "Answer": "Settings>General>System Manager>Change PIN. The PIN input window appears. Enter a PIN. Enter it again to confirm it. The default PIN is '0000.' If you forget your PIN, you can reset it with your remote control. With the TV turned on, press the following buttons on the remote control in the order shown to reset the PIN to '0000.' "
        },
        {
            "Section Hierarchy": "System and Support>Using Other Functions>Configuring advanced system settings>Enabling/Disabling the front indicators",
            "Link": "https://www.manualslib.com/manual/1368844/Samsung-Smart-Remote.html?page=104#manual",
            "Question": "How do I enable/disable light effect?",
            "Answer": "Settings>General>System Manager>Light Effect. The color of the TV's indicator lights may differ by the model. This function may not be supported depending on the model or geographical area."
        },
        {
            "Section Hierarchy": "System and Support>Using Other Functions>Configuring advanced system settings>Selecting Usage or Retail Mode",
            "Link": "https://www.manualslib.com/manual/1368844/Samsung-Smart-Remote.html?page=105#manual",
            "Question": "How do I select Usage or Retail Mode?",
            "Answer": "Settings>General>System Manager>Usage Mode. You can using the TV for retail environments by setting Usage Mode to Retail Mode. For all other uses, select Home Mode. With Retail Mode, some functions are disabled, and the TV automatically resets itself after a preset amount of time."
        },
        {
            "Section Hierarchy": "System and Support>Using Other Functions>Restoring the TV to the factory settings",
            "Link": "https://www.manualslib.com/manual/1368844/Samsung-Smart-Remote.html?page=105#manual",
            "Question": "How do I do factory reset?",
            "Answer": "Settings>Support>Self Diagnosis>Reset. You can restore all TV settings (excluding the Internet and network settings) to the factory defaults. 1. Select Reset. The security PIN entry window appears. 2. Enter the security PIN, and then select Yes. All settings are then reset. The TV turns off and on again automatically and displays the Start Setup screen. For more information on Start Setup, refer to the user manual that came with the TV."
        },
        {
            "Section Hierarchy": "Troubleshooting>Getting Support>Getting support through Remote Management",
            "Link": "https://www.manualslib.com/manual/1368844/Samsung-Smart-Remote.html?page=106#manual",
            "Question": "How can I use Remote Management option?",
            "Answer": "Settings>Support>Remote Management. After consenting to our service agreement, you can use Remote Management to access Remote Support and have a Samsung service technician diagnose your TV, correct problems, and update your TV's software remotely, via the web. You can also turn Remote Management on and off. You can also start this function by pressing and holding the 'Home' button for 5 or more seconds. This function requires an Internet connection."
        },
        {
            "Section Hierarchy": "Troubleshooting>Getting Support>Getting support through Remote Management>What is Remote Support",
            "Link": "https://www.manualslib.com/manual/1368844/Samsung-Smart-Remote.html?page=106#manual",
            "Question": "What does Remote Support offer?",
            "Answer": "Samsung Remote Support service offers you one-on-one support with a Samsung Technician who can remotely: Diagnose your TV. Adjust the TV settings for you. Perform a factory reset on your TV. Install recommended firmware updates. "
        },
        {
            "Section Hierarchy": "Troubleshooting>Getting Support>Getting support through Remote Management>How does Remote Support Work",
            "Link": "https://www.manualslib.com/manual/1368844/Samsung-Smart-Remote.html?page=106#manual",
            "Question": "How do you do remote support??",
            "Answer": "You can easily get Samsung Remote Support service for your TV: 1. Call the Samsung Contact Center and ask for remote support. 2. Open the menu on your TV and go to the Support section. ( Settings>Support). 3. Select Remote Management, then read and agree to the service agreements. When the PIN screen appears, provide the PIN number to the agent. 4. The agent will then access your TV."
        },
        {
            "Section Hierarchy": "Troubleshooting>Getting Support>Finding the contact information for service",
            "Link": "https://www.manualslib.com/manual/1368844/Samsung-Smart-Remote.html?page=107#manual",
            "Question": "How do I get information about the TV?",
            "Answer": "Settings>Support>About This TV. You can view the address of the Samsung website, the call center phone number, your TV's model number, your TV's software version, information about Smart Hub, and other information you may need to get service support from a Samsung call agent or the Samsung website. You can also view information by scanning the QR code of your TV. You can also start this function by pressing and holding the button for 5 or more seconds. For standard remote controls, press and hold the button for 5 or more seconds."
        },
        {
            "Section Hierarchy": "Troubleshooting>Getting Support>Requesting service",
            "Link": "https://www.manualslib.com/manual/1368844/Samsung-Smart-Remote.html?page=107#manual",
            "Question": "How can I request for service?",
            "Answer": "Settings>Support>Request Support. You can request service when you encounter a problem with the TV. Select the item matching the problem that you encountered, and then select Request Now or Schedule Appointment Send. Your service request will be registered. The Samsung Contact Center will contact you to set up or confirm your service appointment. You must agree to the terms and conditions for the service request. This function may not be supported depending on the geographical area. This function requires an Internet connection."
        },
        {
            "Section Hierarchy": "Troubleshooting>Diagnosing TV operational issues>Start Picture Test",
            "Link": "https://www.manualslib.com/manual/1368844/Samsung-Smart-Remote.html?page=107#manual",
            "Question": "How do I troubleshoot video issues ?",
            "Answer": "Settings>Support>Self Diagnosis. You can use the Picture Test to help diagnose video issues and the Sound Test to diagnose sound issues. You can also view signal strength information for over-the-air digital signals, test the Smart Hub Internet connection, and run the Smart Hub and TV factory reset functions. Start Picture Test"
        },
        {
            "Section Hierarchy": "Troubleshooting>Diagnosing TV operational issues>Start Sound Test",
            "Link": "https://www.manualslib.com/manual/1368844/Samsung-Smart-Remote.html?page=107#manual",
            "Question": "How do I troubleshoot sound issues ?",
            "Answer": "Settings>Support>Self Diagnosis. You can use the Picture Test to help diagnose video issues and the Sound Test to diagnose sound issues. You can also view signal strength information for over-the-air digital signals, test the Smart Hub Internet connection, and run the Smart Hub and TV factory reset functions. Start Sound Test"
        },
        {
            "Section Hierarchy": "Troubleshooting>Diagnosing TV operational issues>● Signal Information",
            "Link": "https://www.manualslib.com/manual/1368844/Samsung-Smart-Remote.html?page=107#manual",
            "Question": "Where do I find signal information ?",
            "Answer": "Settings>Support>Self Diagnosis. You can use the Picture Test to help diagnose video issues and the Sound Test to diagnose sound issues. You can also view signal strength information for over-the-air digital signals, test the Smart Hub Internet connection, and run the Smart Hub and TV factory reset functions. Signal Information"
        },
        {
            "Section Hierarchy": "Troubleshooting>Diagnosing TV operational issues>Start Smart Hub Connection Test",
            "Link": "https://www.manualslib.com/manual/1368844/Samsung-Smart-Remote.html?page=107#manual",
            "Question": "How do I Smart Hub Connection Test?",
            "Answer": "Settings>Support>Self Diagnosis. You can use the Picture Test to help diagnose video issues and the Sound Test to diagnose sound issues. You can also view signal strength information for over-the-air digital signals, test the Smart Hub Internet connection, and run the Smart Hub and TV factory reset functions. Start Smart Hub Connection Test"
        },
        {
            "Section Hierarchy": "Troubleshooting>Diagnosing TV operational issues>Reset Smart Hub",
            "Link": "https://www.manualslib.com/manual/1368844/Samsung-Smart-Remote.html?page=107#manual",
            "Question": "How do I Reset Smart Hub ?",
            "Answer": "Settings>Support>Self Diagnosis. You can use the Picture Test to help diagnose video issues and the Sound Test to diagnose sound issues. You can also view signal strength information for over-the-air digital signals, test the Smart Hub Internet connection, and run the Smart Hub and TV factory reset functions. Reset Smart Hub"
        },
        {
            "Section Hierarchy": "Troubleshooting>Diagnosing TV operational issues>Reset",
            "Link": "https://www.manualslib.com/manual/1368844/Samsung-Smart-Remote.html?page=107#manual",
            "Question": "How do I do Reset ?",
            "Answer": "Settings>Support>Self Diagnosis. You can use the Picture Test to help diagnose video issues and the Sound Test to diagnose sound issues. You can also view signal strength information for over-the-air digital signals, test the Smart Hub Internet connection, and run the Smart Hub and TV factory reset functions. Reset"
        },
        {
            "Section Hierarchy": "Troubleshooting>There Is a Problem with the Picture>Testing the picture",
            "Link": "https://www.manualslib.com/manual/1368844/Samsung-Smart-Remote.html?page=108#manual",
            "Question": "How can I fix the flickering and dimming issues?",
            "Answer": "Settings>Support>Self Diagnosis>Start Picture Test. Before you review the list of problems and solutions below, use Start Picture Test to determine if the problem is caused by the TV. Start Picture Test displays a high definition picture you can examine for flaws or faults. If your TV is flickering or dimming sporadically, you may need to disable some of the energy efficiency features. Disable Ambient Light Detection, Power Saving Mode, or Motion Lighting. Settings>General>Eco Solution>Ambient Light Detection. Settings>General>Eco Solution>Power Saving Mode. Settings>General>Eco Solution>Motion Lighting."
        },
        {
            "Section Hierarchy": "Troubleshooting>There Is a Problem with the Picture>Testing the picture",
            "Link": "https://www.manualslib.com/manual/1368844/Samsung-Smart-Remote.html?page=108#manual",
            "Question": "How do I fix the screen color issues?",
            "Answer": "Settings>Support>Self Diagnosis>Start Picture Test. Before you review the list of problems and solutions below, use Start Picture Test to determine if the problem is caused by the TV. Start Picture Test displays a high definition picture you can examine for flaws or faults. If the color on your TV screen is not correct or the black and white colors are off, run Start Picture Test. Settings>Support>Self Diagnosis>Start Picture Test. If the test results indicate that the problem is not caused by the TV, do the following: Confirm that the video input connectors are connected to the correct external device video output connectors. ● Check the other connections as well. If the TV is connected to an external device via a component cable, confirm that the Pb, Pr, and Y jacks are plugged into their proper connectors."
        },
        {
            "Section Hierarchy": "Troubleshooting>There Is a Problem with the Picture>Testing the picture",
            "Link": "https://www.manualslib.com/manual/1368844/Samsung-Smart-Remote.html?page=108#manual",
            "Question": "How do I fix Screen Brightness issues?",
            "Answer": "Settings>Support>Self Diagnosis>Start Picture Test. Before you review the list of problems and solutions below, use Start Picture Test to determine if the problem is caused by the TV. Start Picture Test displays a high definition picture you can examine for flaws or faults. If the colors on your TV are correct but just a little too dark or bright, try adjusting the following settings first. Settings>Picture>Expert Settings>Backlight. Settings>Picture>Expert Settings>Contrast. Settings>Picture>Expert Settings>Brightness. Settings>Picture>Expert Settings>Sharpness. Settings>Picture>Expert Settings>Color. Settings>Picture>Expert Settings>Tint (G/R)"
        },
        {
            "Section Hierarchy": "Troubleshooting>There Is a Problem with the Picture>Testing the picture",
            "Link": "https://www.manualslib.com/manual/1368844/Samsung-Smart-Remote.html?page=108#manual",
            "Question": "How do I fix blurring issues on TV screen?",
            "Answer": "Settings>Support>Self Diagnosis>Start Picture Test. Before you review the list of problems and solutions below, use Start Picture Test to determine if the problem is caused by the TV. Start Picture Test displays a high definition picture you can examine for flaws or faults. If you notice ghosting or blurring on the screen, use the Auto Motion Plus Settings function to resolve the issue. Settings>Picture>Expert Settings>Auto Motion Plus Settings"
        },
        {
            "Section Hierarchy": "Troubleshooting>There Is a Problem with the Picture>Testing the picture",
            "Link": "https://www.manualslib.com/manual/1368844/Samsung-Smart-Remote.html?page=109#manual",
            "Question": "How can I fix unwanted powering off issue?",
            "Answer": "Settings>Support>Self Diagnosis>Start Picture Test. Before you review the list of problems and solutions below, use Start Picture Test to determine if the problem is caused by the TV. Start Picture Test displays a high definition picture you can examine for flaws or faults. If your TV appears to turn off by itself, try disabling some of the TV's energy efficiency functions. See if Sleep Timer has been enabled. The Sleep Timer automatically turns the TV off after a specified period of time. Settings>General>System Manager>Time>Sleep Timer. If the Sleep Timer has not been enabled, see if Auto Power Off or Off Timer has been enabled and disable it. Settings>General>Eco Solution>Auto Power Off. Settings>General>System Manager>Time>Off Timer."
        },
        {
            "Section Hierarchy": "Troubleshooting>There Is a Problem with the Picture>Testing the picture",
            "Link": "https://www.manualslib.com/manual/1368844/Samsung-Smart-Remote.html?page=109#manual",
            "Question": "How do I fix powering on issue?",
            "Answer": "Settings>Support>Self Diagnosis>Start Picture Test. Before you review the list of problems and solutions below, use Start Picture Test to determine if the problem is caused by the TV. Start Picture Test displays a high definition picture you can examine for flaws or faults. If you are having problems powering on your TV, there are a number of things to check before calling the service department. Confirm that the TV's power cord is connected correctly at both ends and that the remote control is operating normally. Make sure that the antenna cable or cable TV cable is firmly connected. If you have a cable box or satellite box, confirm that it is plugged in and turned on."
        },
        {
            "Section Hierarchy": "Troubleshooting>There Is a Problem with the Picture>Testing the picture",
            "Link": "https://www.manualslib.com/manual/1368844/Samsung-Smart-Remote.html?page=109#manual",
            "Question": "What do I do if the channel is not found?",
            "Answer": "Settings>Support>Self Diagnosis>Start Picture Test. Before you review the list of problems and solutions below, use Start Picture Test to determine if the problem is caused by the TV. Start Picture Test displays a high definition picture you can examine for flaws or faults. If your TV is not connected to a cable box or satellite box, run Auto Program. Settings>Broadcasting>Auto Program"
        },
        {
            "Section Hierarchy": "Troubleshooting>There Is a Problem with the Picture>Testing the picture",
            "Link": "https://www.manualslib.com/manual/1368844/Samsung-Smart-Remote.html?page=109#manual",
            "Question": "What do I do if the image displayed on TV is not good?",
            "Answer": "Settings>Support>Self Diagnosis>Start Picture Test. Before you review the list of problems and solutions below, use Start Picture Test to determine if the problem is caused by the TV. Start Picture Test displays a high definition picture you can examine for flaws or faults. Store displays are all tuned to digital, HD (high definition) channels. If you have an analog cable box or satellite box, upgrade to a digital cable box or satellite box. Use HDMI or Component cables to deliver HD (high definition) picture quality. Many HD channels are upscaled from SD (Standard Definition) content. Look for a channel that is broadcasting HD content. Cable/Satellite Subscribers: Try HD channels from the channel lineup. Air/Cable Antenna Connection: Try HD channels after running the Auto Program function. Settings>Broadcasting>Auto Program. Adjust the cable box or satellite box's video output resolution to 1080i or 720p."
        },
        {
            "Section Hierarchy": "Troubleshooting>There Is a Problem with the Picture>Testing the picture",
            "Link": "https://www.manualslib.com/manual/1368844/Samsung-Smart-Remote.html?page=109#manual",
            "Question": "What do I do if picture is distorted?",
            "Answer": "Settings>Support>Self Diagnosis>Start Picture Test. Before you review the list of problems and solutions below, use Start Picture Test to determine if the problem is caused by the TV. Start Picture Test displays a high definition picture you can examine for flaws or faults. The compression of video content may cause picture distortions, especially in fast moving pictures from sports programs and action movies. If the signal reception is weak or poor, screen distortion may be visible but it is not a malfunction. Mobile phones used close to the TV (within 3.2 ft) may cause noise on analog and digital channels."
        },
        {
            "Section Hierarchy": "Troubleshooting>There Is a Problem with the Picture>Testing the picture",
            "Link": "https://www.manualslib.com/manual/1368844/Samsung-Smart-Remote.html?page=109#manual",
            "Question": "How do I fix the missing/wrong color issue ?",
            "Answer": "Settings>Support>Self Diagnosis>Start Picture Test. Before you review the list of problems and solutions below, use Start Picture Test to determine if the problem is caused by the TV. Start Picture Test displays a high definition picture you can examine for flaws or faults. If you’re using a Component connection, make sure that the Component cables are connected to the correct jacks. Incorrect or loose connections may cause color problems or a blank screen."
        },
        {
            "Section Hierarchy": "Troubleshooting>There Is a Problem with the Picture>Testing the picture",
            "Link": "https://www.manualslib.com/manual/1368844/Samsung-Smart-Remote.html?page=110#manual",
            "Question": "How do I fix the poor color issue?",
            "Answer": "Settings>Support>Self Diagnosis>Start Picture Test. Before you review the list of problems and solutions below, use Start Picture Test to determine if the problem is caused by the TV. Start Picture Test displays a high definition picture you can examine for flaws or faults. Go to Picture and then adjust the Picture Mode, Brightness, Sharpness, and Color settings. Settings>Picture>Picture Mode. Settings>Picture>Expert Settings>Brightness. Settings>Picture>Expert Settings>Sharpness. Settings>Picture>Expert Settings>Color. See if Power Saving Mode has been enabled. Settings>General>Eco Solution>Power Saving Mode. Try resetting the picture. Settings>Picture>Expert Settings>Reset Picture."
        },
        {
            "Section Hierarchy": "Troubleshooting>There Is a Problem with the Picture>Testing the picture",
            "Link": "https://www.manualslib.com/manual/1368844/Samsung-Smart-Remote.html?page=110#manual",
            "Question": "How do I fix dotted line issue on the edge of TV screen?",
            "Answer": "Settings>Support>Self Diagnosis>Start Picture Test. Before you review the list of problems and solutions below, use Start Picture Test to determine if the problem is caused by the TV. Start Picture Test displays a high definition picture you can examine for flaws or faults. Change Picture Size Settings to 16:9 Standard. Settings>Picture>Picture Size Settings>16:9 Standard"
        },
        {
            "Section Hierarchy": "Troubleshooting>There Is a Problem with the Picture>Testing the picture",
            "Link": "https://www.manualslib.com/manual/1368844/Samsung-Smart-Remote.html?page=110#manual",
            "Question": "How do I fix black and white issue ?",
            "Answer": "Settings>Support>Self Diagnosis>Start Picture Test. Before you review the list of problems and solutions below, use Start Picture Test to determine if the problem is caused by the TV. Start Picture Test displays a high definition picture you can examine for flaws or faults. If you are using AV or analog equipment, disconnect the adapter from the Component (Blue) input port on the TV and connect it to the AV (Yellow) input port. The Component or AV input port may not be provided depending on the model or geographical area. Check whether Grayscale is set to On."
        },                        
        {
            "Section Hierarchy": "Troubleshooting>I Can't Hear the Sound Clearly>Testing the sound",
            "Link": "https://www.manualslib.com/manual/1368844/Samsung-Smart-Remote.html?page=111#manual",
            "Question": "how do I fix low volume issue?",
            "Answer": "When the TV has difficulties with sound, these steps may help resolve the problem. Settings>Support>Self Diagnosis>Start Sound Test. If the TV plays the Start Sound Test melody without distortion, there may be a problem with an external device or the broadcast signal's strength. Check the volume control of your TV, and then check the volume control of the external device (cable box or satellite box, DVD, Blu-ray, etc.) connected to your TV."
        },
        {
            "Section Hierarchy": "Troubleshooting>I Can't Hear the Sound Clearly>Testing the sound",
            "Link": "https://www.manualslib.com/manual/1368844/Samsung-Smart-Remote.html?page=111#manual",
            "Question": "What can I do if picture is good but there is no sound with it ?",
            "Answer": "When the TV has difficulties with sound, these steps may help resolve the problem. Settings>Support>Self Diagnosis>Start Sound Test. If the TV plays the Start Sound Test melody without distortion, there may be a problem with an external device or the broadcast signal's strength. Set Sound Output to TV Speaker. Settings>Sound>Sound Output. If you are using an external device, check the device’s audio output option. For example, you may need to change your cable box’s audio option to HDMI if the box connected to your TV is using an HDMI cable. To listen to computer sound, connect an external speaker to the computer’s audio output connector. If your TV has a headphone jack, make sure there is nothing plugged into it. Reboot the connected device by disconnecting and then reconnecting the device’s power cable."
        },
        {
            "Section Hierarchy": "Troubleshooting>I Can't Hear the Sound Clearly>Testing the sound",
            "Link": "https://www.manualslib.com/manual/1368844/Samsung-Smart-Remote.html?page=111#manual",
            "Question": "What can I do if I hear no sound?",
            "Answer": "When the TV has difficulties with sound, these steps may help resolve the problem. Settings>Support>Self Diagnosis>Start Sound Test. If the TV plays the Start Sound Test melody without distortion, there may be a problem with an external device or the broadcast signal's strength. Check whether the Digital Output Audio Format is set to Dolby Digital+. If you are using a receiver that does not support Dolby Digital Plus, you will hear no sound when you select Dolby Digital+. Settings>Sound>Expert Settings>Digital Output Audio Format>Dolby Digital+."
        },
        {
            "Section Hierarchy": "Troubleshooting>I Can't Hear the Sound Clearly>Testing the sound",
            "Link": "https://www.manualslib.com/manual/1368844/Samsung-Smart-Remote.html?page=111#manual",
            "Question": "How do I fix odd sound of speaker?",
            "Answer": "When the TV has difficulties with sound, these steps may help resolve the problem. Settings>Support>Self Diagnosis>Start Sound Test. If the TV plays the Start Sound Test melody without distortion, there may be a problem with an external device or the broadcast signal's strength. Run Start Sound Test. Settings>Support>Self Diagnosis>Start Sound Test. Make sure that the audio cable is connected to the correct audio output connector on the external device. For antenna or cable connections, check the signal information. A low signal level may cause sound distortions."
        },
        {
            "Section Hierarchy": "Troubleshooting>There Is a Problem with the Broadcast",
            "Link": "https://www.manualslib.com/manual/1368844/Samsung-Smart-Remote.html?page=112#manual",
            "Question": "How do I fix Weak or No Signal issue?",
            "Answer": "When the TV has difficulties receiving broadcasts, these steps may help resolve the problem. Select Source to confirm that the correct input source has been selected. If the TV is not connected to a cable box or satellite box, run Auto Program to search for channels. Settings>Broadcasting>Auto Program"
        },
        {
            "Section Hierarchy": "Troubleshooting>There Is a Problem with the Broadcast",
            "Link": "https://www.manualslib.com/manual/1368844/Samsung-Smart-Remote.html?page=112#manual",
            "Question": "What can I do if my TV is not receiving channels?",
            "Answer": "When the TV has difficulties receiving broadcasts, these steps may help resolve the problem. Confirm that the coaxial cable is securely connected to the TV. Run Start Setup or Auto Program. Settings>General>Start Setup. Settings>Broadcasting>Auto Program"
        },
        {
            "Section Hierarchy": "Troubleshooting>There Is a Problem with the Broadcast",
            "Link": "https://www.manualslib.com/manual/1368844/Samsung-Smart-Remote.html?page=112#manual",
            "Question": "I am not getting captions for digital channels. How to fix this?",
            "Answer": "When the TV has difficulties receiving broadcasts, these steps may help resolve the problem. Go to Caption Settings and change the Caption Mode. Settings>General>Accessibility>Caption Settings>Caption Mode. Some channels may not have caption data."
        },
        {
            "Section Hierarchy": "Troubleshooting>There Is a Problem with the Broadcast",
            "Link": "https://www.manualslib.com/manual/1368844/Samsung-Smart-Remote.html?page=112#manual",
            "Question": "What can I do if I am getting distorted picture on TV?",
            "Answer": "When the TV has difficulties receiving broadcasts, these steps may help resolve the problem. The compression of the video content may cause picture distortions. This is especially true with fast moving pictures from sports programs and action movies. A weak signal can cause picture distortions. This is not a problem with the TV."
        },
        {
            "Section Hierarchy": "Troubleshooting>There Is a Problem with the Broadcast",
            "Link": "https://www.manualslib.com/manual/1368844/Samsung-Smart-Remote.html?page=112#manual",
            "Question": "How do I fix low quality picture issue?",
            "Answer": "When the TV has difficulties receiving broadcasts, these steps may help resolve the problem. Select high definition (HD) channels or programs."
        },
        {
            "Section Hierarchy": "Troubleshooting>My Computer Won't Connect",
            "Link": "https://www.manualslib.com/manual/1368844/Samsung-Smart-Remote.html?page=112#manual",
            "Question": "'Mode Not Supported' message appears on my computer. How do I fix this?",
            "Answer": "When the TV has difficulties connecting to a PC, these steps may help resolve the problem. Set your PC’s output resolution so it matches a resolution supported by the TV."
        },
        {
            "Section Hierarchy": "Troubleshooting>My Computer Won't Connect",
            "Link": "https://www.manualslib.com/manual/1368844/Samsung-Smart-Remote.html?page=112#manual",
            "Question": "I am able to see the video but no audio is there in my computer. How can I fix this ?",
            "Answer": "When the TV has difficulties connecting to a PC, these steps may help resolve the problem. If you are using an HDMI connection, check the audio output setting on your PC. If you are using an HDMI-to-DVI cable, a separate audio cable is required. Note that the HDMI-to-DVI connection is only supported by the HDMI (DVI) port and this port does not transmit audio. To listen to the computer sound, connect external speakers to the audio output connection of the computer."
        },
        {
            "Section Hierarchy": "Troubleshooting>The TV Won't Connect to the Internet",
            "Link": "https://www.manualslib.com/manual/1368844/Samsung-Smart-Remote.html?page=113#manual",
            "Question": "What can I do if TV is not connecting to the network?",
            "Answer": "When the TV has difficulties connecting to the Internet, these steps may help resolve the problem. Make sure the TV has a network connection. Settings>General>Network>Network Status. Contact your Internet service provider."
        },
        {
            "Section Hierarchy": "Troubleshooting>The TV Won't Connect to the Internet",
            "Link": "https://www.manualslib.com/manual/1368844/Samsung-Smart-Remote.html?page=113#manual",
            "Question": "What do I do if wireless network connection failed?",
            "Answer": "When the TV has difficulties connecting to the Internet, these steps may help resolve the problem. Confirm your wireless modem/router is on and connected to the Internet."
        },
        {
            "Section Hierarchy": "Troubleshooting>The TV Won't Connect to the Internet",
            "Link": "https://www.manualslib.com/manual/1368844/Samsung-Smart-Remote.html?page=113#manual",
            "Question": "Wireless network signal is too weak. How can I fix this?",
            "Answer": "When the TV has difficulties connecting to the Internet, these steps may help resolve the problem. Position your wireless router, modem router, or access point in a central location. Avoid putting it in a corner. Use a wireless repeater to get an instant boost in your wireless signal strength. Place the repeater halfway between your wireless router and your TV."
        },
        {
            "Section Hierarchy": "Troubleshooting>The Schedule Recording/Timeshift Function Isn't Working",
            "Link": "https://www.manualslib.com/manual/1368844/Samsung-Smart-Remote.html?page=113#manual",
            "Question": "Schedule Recording is not working. How can I fix this issue?",
            "Answer": "When Timeshift or Schedule recording aren't working, these steps may help resolve the problem. Check if there is a USB device connected to the TV. Recording will automatically stop if the signal becomes too weak. Check the free space on the USB device. The function will not work if there isn't enough storage space on the USB device."
        },
        {
            "Section Hierarchy": "Troubleshooting>Anynet+ (HDMI-CEC) Isn't Working",
            "Link": "https://www.manualslib.com/manual/1368844/Samsung-Smart-Remote.html?page=114#manual",
            "Question": "Anynet+ is not working. What should I do?",
            "Answer": "When Anynet+ (HDMI-CEC) isn't working, these steps may help resolve the problem. Confirm that the device is an Anynet+ device. The Anynet+ system supports Anynet+ devices only. Check if the power cord of the Anynet+ device is properly connected. Check the cable connections of the Anynet+ device. Go to Anynet+ (HDMI-CEC) and see if Anynet+ (HDMI-CEC) has been set to On. Settings>General>External Device Manager>Anynet+ (HDMI-CEC). Anynet+ may not function when some other functions are active, including Channel Search, Smart Hub, Initial Setup, etc. If you have disconnected and then reconnected the HDMI cable, scan for devices again or turn your TV off and on."
        },
        {
            "Section Hierarchy": "Troubleshooting>Anynet+ (HDMI-CEC) Isn't Working",
            "Link": "https://www.manualslib.com/manual/1368844/Samsung-Smart-Remote.html?page=114#manual",
            "Question": "How do I start Anynet+ ?",
            "Answer": "When Anynet+ (HDMI-CEC) isn't working, these steps may help resolve the problem. Move the focus to the Anynet+ device at Source, and then press the up directional button. Check if the Anynet+ device is properly connected to the TV, and then select Anynet+ (HDMICEC) menu to see if Anynet+ (HDMI-CEC) is set to On. Settings>General>External Device Manager>Anynet+ (HDMI-CEC). "
        },
        {
            "Section Hierarchy": "Troubleshooting>Anynet+ (HDMI-CEC) Isn't Working",
            "Link": "https://www.manualslib.com/manual/1368844/Samsung-Smart-Remote.html?page=114#manual",
            "Question": "How do I exit Anynet+ ?",
            "Answer": "When Anynet+ (HDMI-CEC) isn't working, these steps may help resolve the problem. Set Anynet+ (HDMI-CEC) to Off. Settings>General>External Device Manager>Anynet+ (HDMI-CEC)."
        },
        {
            "Section Hierarchy": "Troubleshooting>Anynet+ (HDMI-CEC) Isn't Working",
            "Link": "https://www.manualslib.com/manual/1368844/Samsung-Smart-Remote.html?page=114#manual",
            "Question": "How do I fix 'connecting/disconnecting to Anynet+ device...' which appears on screen ?",
            "Answer": "When Anynet+ (HDMI-CEC) isn't working, these steps may help resolve the problem. You cannot use the remote control when the TV is configuring Anynet+ or switching to a viewing mode. Use the remote control after the TV has completed the Anynet+ configuration or has switched to a viewing mode."
        },
        {
            "Section Hierarchy": "Troubleshooting>Anynet+ (HDMI-CEC) Isn't Working",
            "Link": "https://www.manualslib.com/manual/1368844/Samsung-Smart-Remote.html?page=114#manual",
            "Question": "Anynet+ device won't play. What should I do?",
            "Answer": "When Anynet+ (HDMI-CEC) isn't working, these steps may help resolve the problem. You cannot use the play function when Start Setup is in progress."
        },
        {
            "Section Hierarchy": "Troubleshooting>Anynet+ (HDMI-CEC) Isn't Working",
            "Link": "https://www.manualslib.com/manual/1368844/Samsung-Smart-Remote.html?page=114#manual",
            "Question": "Connected device is not displaying. How can I fix this?",
            "Answer": "When Anynet+ (HDMI-CEC) isn't working, these steps may help resolve the problem. Check whether the device supports Anynet+. Anynet+ devices must be connected to the TV using an HDMI cable. Make sure the device is connected to your TV with an HDMI cable. Some HDMI cables may not support Anynet+. Check whether the HDMI cable is properly connected. Go to Anynet+ (HDMI-CEC) and see if Anynet+ (HDMI-CEC) has been set to On. Settings>General>External Device Manager>Anynet+ (HDMI-CEC). Scan for Anynet+ devices again. If the connection is terminated because there has been a power failure or the HDMI cable has been disconnected, please scan for the device again."
        },
        {
            "Section Hierarchy": "Troubleshooting>Anynet+ (HDMI-CEC) Isn't Working",
            "Link": "https://www.manualslib.com/manual/1368844/Samsung-Smart-Remote.html?page=114#manual",
            "Question": " TV audio is not being played through the receiver. What should I do?",
            "Answer": "When Anynet+ (HDMI-CEC) isn't working, these steps may help resolve the problem. Make sure that the receiver is connected to the TV's HDMI (ARC) port with an HDMI cable. Confirm that the receiver is HDMI (ARC) compatible. If the receiver is not HDMI (ARC) compatible, connect the TV and receiver with an optical cable."
        },
        {
            "Section Hierarchy": "Troubleshooting>I Have Trouble Launching/Using Apps",
            "Link": "https://www.manualslib.com/manual/1368844/Samsung-Smart-Remote.html?page=115#manual",
            "Question": "How can I change the language from app?",
            "Answer": "When apps aren't working, these steps may help resolve the problem. Languages supported by the app may be different from the user interface language. The ability to change the language depends on the service provider."
        },
        {
            "Section Hierarchy": "Troubleshooting>I Have Trouble Launching/Using Apps",
            "Link": "https://www.manualslib.com/manual/1368844/Samsung-Smart-Remote.html?page=115#manual",
            "Question": "My application is not working. What can I do?",
            "Answer": "When apps aren't working, these steps may help resolve the problem. Check with the service provider. Refer to the Help section on the application service provider's website."
        },
        {
            "Section Hierarchy": "Troubleshooting>My File Won't Play",
            "Link": "https://www.manualslib.com/manual/1368844/Samsung-Smart-Remote.html?page=115#manual",
            "Question": "I get this error 'some files cannot be played'. How do I fix this?",
            "Answer": "When files don't play, this may help resolve the problem. This problem may occur with high-bitrate files. Most files can be played back, but you might experience problems with high-bitrate files."
        },
        {
            "Section Hierarchy": "Troubleshooting>I Want to Reset the TV",
            "Link": "https://www.manualslib.com/manual/1368844/Samsung-Smart-Remote.html?page=115#manual",
            "Question": "How do I reset settings?",
            "Answer": "Initialize the settings to factory defaults. Settings>Support>Self Diagnosis>Reset. Resets Picture, Sound, Broadcasting, and all other settings, except for the network settings, to the default settings."
        },
        {
            "Section Hierarchy": "Troubleshooting>I Want to Reset the TV",
            "Link": "https://www.manualslib.com/manual/1368844/Samsung-Smart-Remote.html?page=115#manual",
            "Question": "How do I reset Smart Hub?",
            "Answer": "Initialize the settings to factory defaults. Settings>Support>Self Diagnosis>Reset Smart Hub. Resets all Smart Hub settings to their factory defaults and deletes all information related to Samsung accounts, linked service accounts, Smart Hub service agreements, and Smart Hub applications."
        },
        {
            "Section Hierarchy": "Troubleshooting>I Want to Reset the TV",
            "Link": "https://www.manualslib.com/manual/1368844/Samsung-Smart-Remote.html?page=115#manual",
            "Question": "How do I reset picture?",
            "Answer": "Initialize the settings to factory defaults. Settings>Picture>Expert Settings>Reset Picture. Resets current picture settings to the default settings."
        },
        {
            "Section Hierarchy": "Troubleshooting>I Want to Reset the TV",
            "Link": "https://www.manualslib.com/manual/1368844/Samsung-Smart-Remote.html?page=115#manual",
            "Question": "How do I reset sound settings?",
            "Answer": "Initialize the settings to factory defaults. Settings>Sound>Expert Settings>Reset Sound. Resets current sound settings to the default settings."
        },      
    ]
}