{
    "All_Questions": [
        {
            "Section Hierarchy": "Accessibility Guidance>Using the Remote control>Orientation of the Samsung Smart Remote",
            "Link": "https://www.manualslib.com/manual/1368844/Samsung-Smart-Remote.html?page=142#manual",
            "Question": "Can I rotate my Samsung TV screen??",
            "Answer": "Yes"
        },
        {
            "Section Hierarchy": "Accessibility Guidance>Using the accessibility menu>Accessibility Shortcuts menu",
            "Link": "https://www.manualslib.com/manual/1368844/Samsung-Smart-Remote.html?page=144#manual",
            "Question": "Can I enlarge my TV screen?",
            "Answer": "Yes"
        },
        {
            "Section Hierarchy": "Smart Features>Smart Hub>Displaying the Home Screen>Settings",
            "Link": "https://www.manualslib.com/manual/1368844/Samsung-Smart-Remote.html?page=51#manual",
            "Question": "Can I activate the caption function?",
            "Answer": "Yes"
        },
        {
            "Section Hierarchy": "Smart Features>Smart Hub>Displaying the Home Screen>Ambient Mode",
            "Link": "https://www.manualslib.com/manual/1368844/Samsung-Smart-Remote.html?page=52#manual",
            "Question": "Is it possible to turn TV in Ambient Mode?",
            "Answer": "Yes"
        },
        {
            "Section Hierarchy": "Smart Features>Smart Hub>Displaying the Home Screen>Removing an item on the Home Screen",
            "Link": "https://www.manualslib.com/manual/1368844/Samsung-Smart-Remote.html?page=53#manual",
            "Question": "Is it possible to remove item from the home screen?",
            "Answer": "Yes"
        },
        {
            "Section Hierarchy": "Smart Features>Smart Hub>Testing Smart Hub connections",
            "Link": "https://www.manualslib.com/manual/1368844/Samsung-Smart-Remote.html?page=54#manual",
            "Question": "Can I test the smart hub connections?",
            "Answer": "Yes"
        },
        {
            "Section Hierarchy": "Smart Features>Using a Samsung account>Creating and managing your Samsung account",
            "Link": "https://www.manualslib.com/manual/1368844/Samsung-Smart-Remote.html?page=54#manual",
            "Question": "Can I create and manage my Samsung account?",
            "Answer": "Yes"
        },
        {
            "Section Hierarchy": "Smart Features>Using a Samsung account>Creating a Samsung account using a PayPal account",
            "Link": "https://www.manualslib.com/manual/1368844/Samsung-Smart-Remote.html?page=55#manual",
            "Question": "Can I create a Samsung account using a PayPal account?",
            "Answer": "Yes"
        },
        {
            "Section Hierarchy": "Smart Features>Using a Samsung account>Signing in to a Samsung account>Changing and adding information to a Samsung account",
            "Link": "https://www.manualslib.com/manual/1368844/Samsung-Smart-Remote.html?page=55#manual",
            "Question": "Can I change the information to a samsung account?",
            "Answer": "Yes"
        },
        {
            "Section Hierarchy": "Smart Features>Using a Samsung account>Signing in to a Samsung account>Viewing the user agreement and privacy policy",
            "Link": "https://www.manualslib.com/manual/1368844/Samsung-Smart-Remote.html?page=56#manual",
            "Question": "Can I view privacy policy?",
            "Answer": "Yes"
        },
        {
            "Section Hierarchy": "Smart Features>Using the APPS Service>Managing purchased or installed apps>Checking the app information details",
            "Link": "https://www.manualslib.com/manual/1368844/Samsung-Smart-Remote.html?page=64#manual",
            "Question": "Can I check app details?",
            "Answer": "Yes"
        },
        {
            "Section Hierarchy": "Smart Features>Using the APPS Service>Managing purchased or installed apps>Automatically updating apps",
            "Link": "https://www.manualslib.com/manual/1368844/Samsung-Smart-Remote.html?page=64#manual",
            "Question": "Can I update apps automatically?",
            "Answer": "Yes"
        },
        {
            "Section Hierarchy": "Smart Features>Using the SmartThings App>SmartThings>Settings",
            "Link": "https://www.manualslib.com/manual/1368844/Samsung-Smart-Remote.html?page=68#manual",
            "Question": "Can I turn off notifications?",
            "Answer": "Yes"
        },
        {
            "Section Hierarchy": "Smart Features>Using the SmartThings App>SmartThings>Set Your Scene",
            "Link": "https://www.manualslib.com/manual/1368844/Samsung-Smart-Remote.html?page=68#manual",
            "Question": "Can I create custom mode?",
            "Answer": "Yes"
        },
        {
            "Section Hierarchy": "Accessibility Guidance>Using the accessibility menu>Step by Step instructions to run the options>Turning on Video Description",
            "Link": "https://www.manualslib.com/manual/1368844/Samsung-Smart-Remote.html?page=146#manual",
            "Question": "Can I turn on Video Description?",
            "Answer": "Yes"
        },
        {
            "Section Hierarchy": "Accessibility Guidance>Using the accessibility menu>Setting accessibility settings using Bixby",
            "Link": "https://www.manualslib.com/manual/1368844/Samsung-Smart-Remote.html?page=147#manual",
            "Question": "Can I turn on Voice Guide using Bixby?",
            "Answer": "Yes"
        },
        {
            "Section Hierarchy": "Accessibility Guidance>Using the accessibility menu>Setting accessibility settings using Bixby",
            "Link": "https://www.manualslib.com/manual/1368844/Samsung-Smart-Remote.html?page=147#manual",
            "Question": "Can I turn on High Contrast using Bixby?",
            "Answer": "Yes"
        },
        {
            "Section Hierarchy": "Accessibility Guidance>Using the TV with Voice Guide on>Watching TV>Using program information",
            "Link": "https://www.manualslib.com/manual/1368844/Samsung-Smart-Remote.html?page=149#manual",
            "Question": "Can I view program information?",
            "Answer": "Yes"
        },
        {
            "Section Hierarchy": "Accessibility Guidance>Using the guide>Other options in the guide",
            "Link": "https://www.manualslib.com/manual/1368844/Samsung-Smart-Remote.html?page=152#manual",
            "Question": "Can I edit recording time?",
            "Answer": "Yes"
        },
        {
            "Section Hierarchy": "Accessibility Guidance>Using the guide>Other options in the guide",
            "Link": "https://www.manualslib.com/manual/1368844/Samsung-Smart-Remote.html?page=152#manual",
            "Question": "Can I Cancel Scheduled Viewing / Cancel Scheduled Recording?",
            "Answer": "Yes"
        },
        {
            "Section Hierarchy": "Quick Guides>Connecting the Samsung Smart Remote to the TV",
            "Link": "https://www.manualslib.com/manual/1368844/Samsung-Smart-Remote.html?page=7#manual",
            "Question": "Is my Samsung Smart Remote automatically pairs to the TV?",
            "Answer": "Yes"
        },
        {
            "Section Hierarchy": "Quick Guides>Using Smart Hub",
            "Link": "https://www.manualslib.com/manual/1368844/Samsung-Smart-Remote.html?page=9#manual",
            "Question": "Is it possible to install different apps using Smart Hub in my TV?",
            "Answer": "Yes"
        },
        {
            "Section Hierarchy": "Quick Guides>Using the Ambient Mode>Changing the content and settings for Ambient Mode",
            "Link": "https://www.manualslib.com/manual/1368844/Samsung-Smart-Remote.html?page=12#manual",
            "Question": "Can I change the content and settings for Ambient Mode?",
            "Answer": "Yes"
        },
        {
            "Section Hierarchy": "Quick Guides>Using Bixby",
            "Link": "https://www.manualslib.com/manual/1368844/Samsung-Smart-Remote.html?page=14#manual",
            "Question": "Is Bixby feature available on my Samsung TV?",
            "Answer": "Yes"
        },
        {
            "Section Hierarchy": "Connections>Source>Connection Guide",
            "Link": "https://www.manualslib.com/manual/1368844/Samsung-Smart-Remote.html?page=20#manual",
            "Question": "Can I connect various external devices to my TV ?",
            "Answer": "Yes"    
        },
        
    ]
}